Week,Year,Age,Sex,Deaths
0,2017,Total,Total,469
1,2017,Total,Total,3568
2,2017,Total,Total,3637
3,2017,Total,Total,3487
4,2017,Total,Total,3626
5,2017,Total,Total,3574
6,2017,Total,Total,3446
7,2017,Total,Total,3417
8,2017,Total,Total,3328
9,2017,Total,Total,3152
10,2017,Total,Total,3054
11,2017,Total,Total,2843
12,2017,Total,Total,2778
13,2017,Total,Total,2850
14,2017,Total,Total,2764
15,2017,Total,Total,2810
16,2017,Total,Total,2713
17,2017,Total,Total,2778
18,2017,Total,Total,2769
19,2017,Total,Total,2802
20,2017,Total,Total,2801
21,2017,Total,Total,2772
22,2017,Total,Total,2701
23,2017,Total,Total,2624
24,2017,Total,Total,2643
25,2017,Total,Total,2627
26,2017,Total,Total,2691
27,2017,Total,Total,2697
28,2017,Total,Total,2520
29,2017,Total,Total,2674
30,2017,Total,Total,2571
31,2017,Total,Total,2510
32,2017,Total,Total,2657
33,2017,Total,Total,2540
34,2017,Total,Total,2545
35,2017,Total,Total,2576
36,2017,Total,Total,2570
37,2017,Total,Total,2707
38,2017,Total,Total,2715
39,2017,Total,Total,2669
40,2017,Total,Total,2641
41,2017,Total,Total,2763
42,2017,Total,Total,2706
43,2017,Total,Total,2676
44,2017,Total,Total,2726
45,2017,Total,Total,2797
46,2017,Total,Total,2916
47,2017,Total,Total,2917
48,2017,Total,Total,2886
49,2017,Total,Total,3027
50,2017,Total,Total,3218
51,2017,Total,Total,3079
52,2017,Total,Total,3187
0,2018,Total,Total,3343
1,2018,Total,Total,3359
2,2018,Total,Total,3364
3,2018,Total,Total,3322
4,2018,Total,Total,3403
5,2018,Total,Total,3513
6,2018,Total,Total,3660
7,2018,Total,Total,3691
8,2018,Total,Total,3937
9,2018,Total,Total,4092
10,2018,Total,Total,3733
11,2018,Total,Total,3430
12,2018,Total,Total,3225
13,2018,Total,Total,3040
14,2018,Total,Total,2860
15,2018,Total,Total,2760
16,2018,Total,Total,2663
17,2018,Total,Total,2645
18,2018,Total,Total,2641
19,2018,Total,Total,2606
20,2018,Total,Total,2674
21,2018,Total,Total,2776
22,2018,Total,Total,2679
23,2018,Total,Total,2557
24,2018,Total,Total,2601
25,2018,Total,Total,2619
26,2018,Total,Total,2726
27,2018,Total,Total,2671
28,2018,Total,Total,2704
29,2018,Total,Total,2767
30,2018,Total,Total,2760
31,2018,Total,Total,2745
32,2018,Total,Total,2605
33,2018,Total,Total,2612
34,2018,Total,Total,2527
35,2018,Total,Total,2613
36,2018,Total,Total,2539
37,2018,Total,Total,2706
38,2018,Total,Total,2696
39,2018,Total,Total,2806
40,2018,Total,Total,2760
41,2018,Total,Total,2739
42,2018,Total,Total,2671
43,2018,Total,Total,2815
44,2018,Total,Total,2798
45,2018,Total,Total,2761
46,2018,Total,Total,2859
47,2018,Total,Total,2907
48,2018,Total,Total,2968
49,2018,Total,Total,3017
50,2018,Total,Total,3041
51,2018,Total,Total,2901
52,2018,Total,Total,456
0,2019,Total,Total,2606
1,2019,Total,Total,3262
2,2019,Total,Total,3150
3,2019,Total,Total,3178
4,2019,Total,Total,3143
5,2019,Total,Total,3185
6,2019,Total,Total,3252
7,2019,Total,Total,3222
8,2019,Total,Total,3066
9,2019,Total,Total,3171
10,2019,Total,Total,3227
11,2019,Total,Total,3042
12,2019,Total,Total,3013
13,2019,Total,Total,2900
14,2019,Total,Total,2900
15,2019,Total,Total,3040
16,2019,Total,Total,2957
17,2019,Total,Total,2806
18,2019,Total,Total,2771
19,2019,Total,Total,2821
20,2019,Total,Total,2873
21,2019,Total,Total,2732
22,2019,Total,Total,2736
23,2019,Total,Total,2650
24,2019,Total,Total,2694
25,2019,Total,Total,2835
26,2019,Total,Total,2725
27,2019,Total,Total,2760
28,2019,Total,Total,2584
29,2019,Total,Total,3007
30,2019,Total,Total,2731
31,2019,Total,Total,2628
32,2019,Total,Total,2612
33,2019,Total,Total,2615
34,2019,Total,Total,2782
35,2019,Total,Total,2555
36,2019,Total,Total,2640
37,2019,Total,Total,2580
38,2019,Total,Total,2753
39,2019,Total,Total,2713
40,2019,Total,Total,2911
41,2019,Total,Total,2877
42,2019,Total,Total,2867
43,2019,Total,Total,2852
44,2019,Total,Total,3011
45,2019,Total,Total,3057
46,2019,Total,Total,3019
47,2019,Total,Total,3037
48,2019,Total,Total,3013
49,2019,Total,Total,3148
50,2019,Total,Total,3235
51,2019,Total,Total,2997
52,2019,Total,Total,852
0,2020,Total,Total,2242
1,2020,Total,Total,3364
2,2020,Total,Total,3151
3,2020,Total,Total,3040
4,2020,Total,Total,3157
5,2020,Total,Total,3188
6,2020,Total,Total,3195
7,2020,Total,Total,2953
8,2020,Total,Total,3087
9,2020,Total,Total,3092
10,2020,Total,Total,3211
11,2020,Total,Total,3593
12,2020,Total,Total,4432
13,2020,Total,Total,5037
14,2020,Total,Total,5036
0,2017,0-64,Total,59
1,2017,0-64,Total,454
2,2017,0-64,Total,418
3,2017,0-64,Total,428
4,2017,0-64,Total,447
5,2017,0-64,Total,424
6,2017,0-64,Total,472
7,2017,0-64,Total,466
8,2017,0-64,Total,439
9,2017,0-64,Total,407
10,2017,0-64,Total,436
11,2017,0-64,Total,426
12,2017,0-64,Total,413
13,2017,0-64,Total,426
14,2017,0-64,Total,435
15,2017,0-64,Total,401
16,2017,0-64,Total,403
17,2017,0-64,Total,388
18,2017,0-64,Total,389
19,2017,0-64,Total,379
20,2017,0-64,Total,387
21,2017,0-64,Total,402
22,2017,0-64,Total,377
23,2017,0-64,Total,418
24,2017,0-64,Total,400
25,2017,0-64,Total,415
26,2017,0-64,Total,435
27,2017,0-64,Total,401
28,2017,0-64,Total,397
29,2017,0-64,Total,397
30,2017,0-64,Total,384
31,2017,0-64,Total,386
32,2017,0-64,Total,416
33,2017,0-64,Total,404
34,2017,0-64,Total,384
35,2017,0-64,Total,401
36,2017,0-64,Total,384
37,2017,0-64,Total,416
38,2017,0-64,Total,443
39,2017,0-64,Total,401
40,2017,0-64,Total,421
41,2017,0-64,Total,416
42,2017,0-64,Total,394
43,2017,0-64,Total,397
44,2017,0-64,Total,427
45,2017,0-64,Total,445
46,2017,0-64,Total,430
47,2017,0-64,Total,411
48,2017,0-64,Total,419
49,2017,0-64,Total,457
50,2017,0-64,Total,458
51,2017,0-64,Total,424
52,2017,0-64,Total,437
0,2018,0-64,Total,431
1,2018,0-64,Total,406
2,2018,0-64,Total,423
3,2018,0-64,Total,408
4,2018,0-64,Total,456
5,2018,0-64,Total,443
6,2018,0-64,Total,427
7,2018,0-64,Total,434
8,2018,0-64,Total,468
9,2018,0-64,Total,464
10,2018,0-64,Total,445
11,2018,0-64,Total,438
12,2018,0-64,Total,411
13,2018,0-64,Total,445
14,2018,0-64,Total,402
15,2018,0-64,Total,380
16,2018,0-64,Total,400
17,2018,0-64,Total,395
18,2018,0-64,Total,371
19,2018,0-64,Total,350
20,2018,0-64,Total,391
21,2018,0-64,Total,416
22,2018,0-64,Total,399
23,2018,0-64,Total,372
24,2018,0-64,Total,362
25,2018,0-64,Total,383
26,2018,0-64,Total,406
27,2018,0-64,Total,408
28,2018,0-64,Total,391
29,2018,0-64,Total,405
30,2018,0-64,Total,402
31,2018,0-64,Total,424
32,2018,0-64,Total,404
33,2018,0-64,Total,375
34,2018,0-64,Total,407
35,2018,0-64,Total,417
36,2018,0-64,Total,368
37,2018,0-64,Total,428
38,2018,0-64,Total,447
39,2018,0-64,Total,441
40,2018,0-64,Total,432
41,2018,0-64,Total,384
42,2018,0-64,Total,430
43,2018,0-64,Total,408
44,2018,0-64,Total,407
45,2018,0-64,Total,431
46,2018,0-64,Total,403
47,2018,0-64,Total,423
48,2018,0-64,Total,438
49,2018,0-64,Total,470
50,2018,0-64,Total,425
51,2018,0-64,Total,408
52,2018,0-64,Total,66
0,2019,0-64,Total,340
1,2019,0-64,Total,462
2,2019,0-64,Total,396
3,2019,0-64,Total,420
4,2019,0-64,Total,439
5,2019,0-64,Total,401
6,2019,0-64,Total,405
7,2019,0-64,Total,415
8,2019,0-64,Total,400
9,2019,0-64,Total,429
10,2019,0-64,Total,415
11,2019,0-64,Total,399
12,2019,0-64,Total,396
13,2019,0-64,Total,384
14,2019,0-64,Total,402
15,2019,0-64,Total,426
16,2019,0-64,Total,367
17,2019,0-64,Total,377
18,2019,0-64,Total,377
19,2019,0-64,Total,387
20,2019,0-64,Total,404
21,2019,0-64,Total,390
22,2019,0-64,Total,417
23,2019,0-64,Total,369
24,2019,0-64,Total,366
25,2019,0-64,Total,410
26,2019,0-64,Total,383
27,2019,0-64,Total,402
28,2019,0-64,Total,400
29,2019,0-64,Total,434
30,2019,0-64,Total,379
31,2019,0-64,Total,371
32,2019,0-64,Total,358
33,2019,0-64,Total,372
34,2019,0-64,Total,381
35,2019,0-64,Total,376
36,2019,0-64,Total,378
37,2019,0-64,Total,354
38,2019,0-64,Total,395
39,2019,0-64,Total,403
40,2019,0-64,Total,412
41,2019,0-64,Total,382
42,2019,0-64,Total,402
43,2019,0-64,Total,392
44,2019,0-64,Total,463
45,2019,0-64,Total,457
46,2019,0-64,Total,389
47,2019,0-64,Total,422
48,2019,0-64,Total,405
49,2019,0-64,Total,426
50,2019,0-64,Total,450
51,2019,0-64,Total,400
52,2019,0-64,Total,110
0,2020,0-64,Total,271
1,2020,0-64,Total,432
2,2020,0-64,Total,416
3,2020,0-64,Total,352
4,2020,0-64,Total,447
5,2020,0-64,Total,398
6,2020,0-64,Total,408
7,2020,0-64,Total,339
8,2020,0-64,Total,400
9,2020,0-64,Total,387
10,2020,0-64,Total,406
11,2020,0-64,Total,444
12,2020,0-64,Total,491
13,2020,0-64,Total,487
14,2020,0-64,Total,443
0,2017,65-79,Total,128
1,2017,65-79,Total,929
2,2017,65-79,Total,993
3,2017,65-79,Total,894
4,2017,65-79,Total,956
5,2017,65-79,Total,1038
6,2017,65-79,Total,929
7,2017,65-79,Total,877
8,2017,65-79,Total,914
9,2017,65-79,Total,828
10,2017,65-79,Total,886
11,2017,65-79,Total,795
12,2017,65-79,Total,818
13,2017,65-79,Total,866
14,2017,65-79,Total,800
15,2017,65-79,Total,866
16,2017,65-79,Total,815
17,2017,65-79,Total,821
18,2017,65-79,Total,840
19,2017,65-79,Total,853
20,2017,65-79,Total,848
21,2017,65-79,Total,830
22,2017,65-79,Total,840
23,2017,65-79,Total,749
24,2017,65-79,Total,794
25,2017,65-79,Total,803
26,2017,65-79,Total,785
27,2017,65-79,Total,816
28,2017,65-79,Total,758
29,2017,65-79,Total,832
30,2017,65-79,Total,819
31,2017,65-79,Total,775
32,2017,65-79,Total,838
33,2017,65-79,Total,795
34,2017,65-79,Total,763
35,2017,65-79,Total,790
36,2017,65-79,Total,846
37,2017,65-79,Total,864
38,2017,65-79,Total,854
39,2017,65-79,Total,823
40,2017,65-79,Total,793
41,2017,65-79,Total,877
42,2017,65-79,Total,832
43,2017,65-79,Total,791
44,2017,65-79,Total,798
45,2017,65-79,Total,795
46,2017,65-79,Total,911
47,2017,65-79,Total,912
48,2017,65-79,Total,880
49,2017,65-79,Total,899
50,2017,65-79,Total,1017
51,2017,65-79,Total,918
52,2017,65-79,Total,934
0,2018,65-79,Total,932
1,2018,65-79,Total,926
2,2018,65-79,Total,983
3,2018,65-79,Total,936
4,2018,65-79,Total,921
5,2018,65-79,Total,970
6,2018,65-79,Total,1070
7,2018,65-79,Total,1047
8,2018,65-79,Total,1111
9,2018,65-79,Total,1114
10,2018,65-79,Total,1045
11,2018,65-79,Total,947
12,2018,65-79,Total,897
13,2018,65-79,Total,902
14,2018,65-79,Total,846
15,2018,65-79,Total,874
16,2018,65-79,Total,829
17,2018,65-79,Total,767
18,2018,65-79,Total,758
19,2018,65-79,Total,825
20,2018,65-79,Total,797
21,2018,65-79,Total,857
22,2018,65-79,Total,825
23,2018,65-79,Total,797
24,2018,65-79,Total,803
25,2018,65-79,Total,784
26,2018,65-79,Total,838
27,2018,65-79,Total,805
28,2018,65-79,Total,810
29,2018,65-79,Total,824
30,2018,65-79,Total,867
31,2018,65-79,Total,827
32,2018,65-79,Total,785
33,2018,65-79,Total,813
34,2018,65-79,Total,808
35,2018,65-79,Total,811
36,2018,65-79,Total,819
37,2018,65-79,Total,868
38,2018,65-79,Total,804
39,2018,65-79,Total,873
40,2018,65-79,Total,832
41,2018,65-79,Total,831
42,2018,65-79,Total,857
43,2018,65-79,Total,920
44,2018,65-79,Total,907
45,2018,65-79,Total,825
46,2018,65-79,Total,928
47,2018,65-79,Total,916
48,2018,65-79,Total,905
49,2018,65-79,Total,960
50,2018,65-79,Total,928
51,2018,65-79,Total,909
52,2018,65-79,Total,142
0,2019,65-79,Total,715
1,2019,65-79,Total,865
2,2019,65-79,Total,926
3,2019,65-79,Total,930
4,2019,65-79,Total,947
5,2019,65-79,Total,983
6,2019,65-79,Total,915
7,2019,65-79,Total,940
8,2019,65-79,Total,879
9,2019,65-79,Total,938
10,2019,65-79,Total,980
11,2019,65-79,Total,860
12,2019,65-79,Total,892
13,2019,65-79,Total,848
14,2019,65-79,Total,888
15,2019,65-79,Total,901
16,2019,65-79,Total,860
17,2019,65-79,Total,869
18,2019,65-79,Total,821
19,2019,65-79,Total,811
20,2019,65-79,Total,810
21,2019,65-79,Total,845
22,2019,65-79,Total,807
23,2019,65-79,Total,819
24,2019,65-79,Total,866
25,2019,65-79,Total,858
26,2019,65-79,Total,868
27,2019,65-79,Total,841
28,2019,65-79,Total,816
29,2019,65-79,Total,879
30,2019,65-79,Total,857
31,2019,65-79,Total,784
32,2019,65-79,Total,838
33,2019,65-79,Total,813
34,2019,65-79,Total,906
35,2019,65-79,Total,783
36,2019,65-79,Total,847
37,2019,65-79,Total,817
38,2019,65-79,Total,864
39,2019,65-79,Total,817
40,2019,65-79,Total,943
41,2019,65-79,Total,912
42,2019,65-79,Total,935
43,2019,65-79,Total,882
44,2019,65-79,Total,851
45,2019,65-79,Total,920
46,2019,65-79,Total,922
47,2019,65-79,Total,940
48,2019,65-79,Total,916
49,2019,65-79,Total,1015
50,2019,65-79,Total,992
51,2019,65-79,Total,924
52,2019,65-79,Total,261
0,2020,65-79,Total,631
1,2020,65-79,Total,967
2,2020,65-79,Total,911
3,2020,65-79,Total,933
4,2020,65-79,Total,921
5,2020,65-79,Total,979
6,2020,65-79,Total,937
7,2020,65-79,Total,867
8,2020,65-79,Total,908
9,2020,65-79,Total,885
10,2020,65-79,Total,947
11,2020,65-79,Total,1074
12,2020,65-79,Total,1394
13,2020,65-79,Total,1485
14,2020,65-79,Total,1474
0,2017,80+,Total,282
1,2017,80+,Total,2185
2,2017,80+,Total,2226
3,2017,80+,Total,2165
4,2017,80+,Total,2223
5,2017,80+,Total,2112
6,2017,80+,Total,2045
7,2017,80+,Total,2074
8,2017,80+,Total,1975
9,2017,80+,Total,1917
10,2017,80+,Total,1732
11,2017,80+,Total,1622
12,2017,80+,Total,1547
13,2017,80+,Total,1558
14,2017,80+,Total,1529
15,2017,80+,Total,1543
16,2017,80+,Total,1495
17,2017,80+,Total,1569
18,2017,80+,Total,1540
19,2017,80+,Total,1570
20,2017,80+,Total,1566
21,2017,80+,Total,1540
22,2017,80+,Total,1484
23,2017,80+,Total,1457
24,2017,80+,Total,1449
25,2017,80+,Total,1409
26,2017,80+,Total,1471
27,2017,80+,Total,1480
28,2017,80+,Total,1365
29,2017,80+,Total,1445
30,2017,80+,Total,1368
31,2017,80+,Total,1349
32,2017,80+,Total,1403
33,2017,80+,Total,1341
34,2017,80+,Total,1398
35,2017,80+,Total,1385
36,2017,80+,Total,1340
37,2017,80+,Total,1427
38,2017,80+,Total,1418
39,2017,80+,Total,1445
40,2017,80+,Total,1427
41,2017,80+,Total,1470
42,2017,80+,Total,1480
43,2017,80+,Total,1488
44,2017,80+,Total,1501
45,2017,80+,Total,1557
46,2017,80+,Total,1575
47,2017,80+,Total,1594
48,2017,80+,Total,1587
49,2017,80+,Total,1671
50,2017,80+,Total,1743
51,2017,80+,Total,1737
52,2017,80+,Total,1816
0,2018,80+,Total,1980
1,2018,80+,Total,2027
2,2018,80+,Total,1958
3,2018,80+,Total,1978
4,2018,80+,Total,2026
5,2018,80+,Total,2100
6,2018,80+,Total,2163
7,2018,80+,Total,2210
8,2018,80+,Total,2358
9,2018,80+,Total,2514
10,2018,80+,Total,2243
11,2018,80+,Total,2045
12,2018,80+,Total,1917
13,2018,80+,Total,1693
14,2018,80+,Total,1612
15,2018,80+,Total,1506
16,2018,80+,Total,1434
17,2018,80+,Total,1483
18,2018,80+,Total,1512
19,2018,80+,Total,1431
20,2018,80+,Total,1486
21,2018,80+,Total,1503
22,2018,80+,Total,1455
23,2018,80+,Total,1388
24,2018,80+,Total,1436
25,2018,80+,Total,1452
26,2018,80+,Total,1482
27,2018,80+,Total,1458
28,2018,80+,Total,1503
29,2018,80+,Total,1538
30,2018,80+,Total,1491
31,2018,80+,Total,1494
32,2018,80+,Total,1416
33,2018,80+,Total,1424
34,2018,80+,Total,1312
35,2018,80+,Total,1385
36,2018,80+,Total,1352
37,2018,80+,Total,1410
38,2018,80+,Total,1445
39,2018,80+,Total,1492
40,2018,80+,Total,1496
41,2018,80+,Total,1524
42,2018,80+,Total,1384
43,2018,80+,Total,1487
44,2018,80+,Total,1484
45,2018,80+,Total,1505
46,2018,80+,Total,1528
47,2018,80+,Total,1568
48,2018,80+,Total,1625
49,2018,80+,Total,1587
50,2018,80+,Total,1688
51,2018,80+,Total,1584
52,2018,80+,Total,248
0,2019,80+,Total,1551
1,2019,80+,Total,1935
2,2019,80+,Total,1828
3,2019,80+,Total,1828
4,2019,80+,Total,1757
5,2019,80+,Total,1801
6,2019,80+,Total,1932
7,2019,80+,Total,1867
8,2019,80+,Total,1787
9,2019,80+,Total,1804
10,2019,80+,Total,1832
11,2019,80+,Total,1783
12,2019,80+,Total,1725
13,2019,80+,Total,1668
14,2019,80+,Total,1610
15,2019,80+,Total,1713
16,2019,80+,Total,1730
17,2019,80+,Total,1560
18,2019,80+,Total,1573
19,2019,80+,Total,1623
20,2019,80+,Total,1659
21,2019,80+,Total,1497
22,2019,80+,Total,1512
23,2019,80+,Total,1462
24,2019,80+,Total,1462
25,2019,80+,Total,1567
26,2019,80+,Total,1474
27,2019,80+,Total,1517
28,2019,80+,Total,1368
29,2019,80+,Total,1694
30,2019,80+,Total,1495
31,2019,80+,Total,1473
32,2019,80+,Total,1416
33,2019,80+,Total,1430
34,2019,80+,Total,1495
35,2019,80+,Total,1396
36,2019,80+,Total,1415
37,2019,80+,Total,1409
38,2019,80+,Total,1494
39,2019,80+,Total,1493
40,2019,80+,Total,1556
41,2019,80+,Total,1583
42,2019,80+,Total,1530
43,2019,80+,Total,1578
44,2019,80+,Total,1697
45,2019,80+,Total,1680
46,2019,80+,Total,1708
47,2019,80+,Total,1675
48,2019,80+,Total,1692
49,2019,80+,Total,1707
50,2019,80+,Total,1793
51,2019,80+,Total,1673
52,2019,80+,Total,481
0,2020,80+,Total,1340
1,2020,80+,Total,1965
2,2020,80+,Total,1824
3,2020,80+,Total,1755
4,2020,80+,Total,1789
5,2020,80+,Total,1811
6,2020,80+,Total,1850
7,2020,80+,Total,1747
8,2020,80+,Total,1779
9,2020,80+,Total,1820
10,2020,80+,Total,1858
11,2020,80+,Total,2075
12,2020,80+,Total,2547
13,2020,80+,Total,3065
14,2020,80+,Total,3119
0,2017,Total,Male,221
1,2017,Total,Male,1676
2,2017,Total,Male,1741
3,2017,Total,Male,1639
4,2017,Total,Male,1679
5,2017,Total,Male,1697
6,2017,Total,Male,1633
7,2017,Total,Male,1627
8,2017,Total,Male,1558
9,2017,Total,Male,1511
10,2017,Total,Male,1481
11,2017,Total,Male,1350
12,2017,Total,Male,1327
13,2017,Total,Male,1405
14,2017,Total,Male,1308
15,2017,Total,Male,1381
16,2017,Total,Male,1326
17,2017,Total,Male,1320
18,2017,Total,Male,1359
19,2017,Total,Male,1320
20,2017,Total,Male,1348
21,2017,Total,Male,1361
22,2017,Total,Male,1296
23,2017,Total,Male,1229
24,2017,Total,Male,1280
25,2017,Total,Male,1268
26,2017,Total,Male,1350
27,2017,Total,Male,1287
28,2017,Total,Male,1247
29,2017,Total,Male,1318
30,2017,Total,Male,1247
31,2017,Total,Male,1244
32,2017,Total,Male,1275
33,2017,Total,Male,1262
34,2017,Total,Male,1247
35,2017,Total,Male,1288
36,2017,Total,Male,1277
37,2017,Total,Male,1340
38,2017,Total,Male,1354
39,2017,Total,Male,1310
40,2017,Total,Male,1330
41,2017,Total,Male,1374
42,2017,Total,Male,1299
43,2017,Total,Male,1286
44,2017,Total,Male,1327
45,2017,Total,Male,1353
46,2017,Total,Male,1376
47,2017,Total,Male,1444
48,2017,Total,Male,1464
49,2017,Total,Male,1487
50,2017,Total,Male,1572
51,2017,Total,Male,1442
52,2017,Total,Male,1520
0,2018,Total,Male,1557
1,2018,Total,Male,1592
2,2018,Total,Male,1620
3,2018,Total,Male,1650
4,2018,Total,Male,1559
5,2018,Total,Male,1640
6,2018,Total,Male,1780
7,2018,Total,Male,1750
8,2018,Total,Male,1868
9,2018,Total,Male,1904
10,2018,Total,Male,1759
11,2018,Total,Male,1691
12,2018,Total,Male,1560
13,2018,Total,Male,1445
14,2018,Total,Male,1345
15,2018,Total,Male,1313
16,2018,Total,Male,1279
17,2018,Total,Male,1314
18,2018,Total,Male,1342
19,2018,Total,Male,1277
20,2018,Total,Male,1302
21,2018,Total,Male,1350
22,2018,Total,Male,1313
23,2018,Total,Male,1248
24,2018,Total,Male,1301
25,2018,Total,Male,1311
26,2018,Total,Male,1326
27,2018,Total,Male,1279
28,2018,Total,Male,1311
29,2018,Total,Male,1344
30,2018,Total,Male,1335
31,2018,Total,Male,1339
32,2018,Total,Male,1280
33,2018,Total,Male,1321
34,2018,Total,Male,1275
35,2018,Total,Male,1286
36,2018,Total,Male,1298
37,2018,Total,Male,1325
38,2018,Total,Male,1337
39,2018,Total,Male,1373
40,2018,Total,Male,1361
41,2018,Total,Male,1334
42,2018,Total,Male,1345
43,2018,Total,Male,1373
44,2018,Total,Male,1406
45,2018,Total,Male,1332
46,2018,Total,Male,1398
47,2018,Total,Male,1407
48,2018,Total,Male,1463
49,2018,Total,Male,1512
50,2018,Total,Male,1474
51,2018,Total,Male,1405
52,2018,Total,Male,213
0,2019,Total,Male,1250
1,2019,Total,Male,1578
2,2019,Total,Male,1520
3,2019,Total,Male,1544
4,2019,Total,Male,1578
5,2019,Total,Male,1590
6,2019,Total,Male,1579
7,2019,Total,Male,1530
8,2019,Total,Male,1462
9,2019,Total,Male,1581
10,2019,Total,Male,1582
11,2019,Total,Male,1464
12,2019,Total,Male,1508
13,2019,Total,Male,1386
14,2019,Total,Male,1470
15,2019,Total,Male,1478
16,2019,Total,Male,1419
17,2019,Total,Male,1363
18,2019,Total,Male,1334
19,2019,Total,Male,1366
20,2019,Total,Male,1370
21,2019,Total,Male,1357
22,2019,Total,Male,1327
23,2019,Total,Male,1339
24,2019,Total,Male,1356
25,2019,Total,Male,1402
26,2019,Total,Male,1355
27,2019,Total,Male,1326
28,2019,Total,Male,1273
29,2019,Total,Male,1454
30,2019,Total,Male,1348
31,2019,Total,Male,1279
32,2019,Total,Male,1283
33,2019,Total,Male,1304
34,2019,Total,Male,1330
35,2019,Total,Male,1227
36,2019,Total,Male,1288
37,2019,Total,Male,1267
38,2019,Total,Male,1377
39,2019,Total,Male,1368
40,2019,Total,Male,1481
41,2019,Total,Male,1407
42,2019,Total,Male,1435
43,2019,Total,Male,1412
44,2019,Total,Male,1512
45,2019,Total,Male,1509
46,2019,Total,Male,1428
47,2019,Total,Male,1504
48,2019,Total,Male,1469
49,2019,Total,Male,1540
50,2019,Total,Male,1608
51,2019,Total,Male,1453
52,2019,Total,Male,406
0,2020,Total,Male,1090
1,2020,Total,Male,1676
2,2020,Total,Male,1525
3,2020,Total,Male,1466
4,2020,Total,Male,1573
5,2020,Total,Male,1588
6,2020,Total,Male,1506
7,2020,Total,Male,1480
8,2020,Total,Male,1498
9,2020,Total,Male,1510
10,2020,Total,Male,1593
11,2020,Total,Male,1860
12,2020,Total,Male,2348
13,2020,Total,Male,2638
14,2020,Total,Male,2591
0,2017,0-64,Male,37
1,2017,0-64,Male,268
2,2017,0-64,Male,238
3,2017,0-64,Male,239
4,2017,0-64,Male,256
5,2017,0-64,Male,267
6,2017,0-64,Male,264
7,2017,0-64,Male,271
8,2017,0-64,Male,247
9,2017,0-64,Male,234
10,2017,0-64,Male,249
11,2017,0-64,Male,243
12,2017,0-64,Male,226
13,2017,0-64,Male,238
14,2017,0-64,Male,249
15,2017,0-64,Male,230
16,2017,0-64,Male,234
17,2017,0-64,Male,237
18,2017,0-64,Male,231
19,2017,0-64,Male,203
20,2017,0-64,Male,219
21,2017,0-64,Male,251
22,2017,0-64,Male,218
23,2017,0-64,Male,242
24,2017,0-64,Male,208
25,2017,0-64,Male,235
26,2017,0-64,Male,253
27,2017,0-64,Male,231
28,2017,0-64,Male,214
29,2017,0-64,Male,234
30,2017,0-64,Male,225
31,2017,0-64,Male,229
32,2017,0-64,Male,242
33,2017,0-64,Male,257
34,2017,0-64,Male,231
35,2017,0-64,Male,232
36,2017,0-64,Male,218
37,2017,0-64,Male,234
38,2017,0-64,Male,260
39,2017,0-64,Male,243
40,2017,0-64,Male,254
41,2017,0-64,Male,238
42,2017,0-64,Male,211
43,2017,0-64,Male,193
44,2017,0-64,Male,257
45,2017,0-64,Male,273
46,2017,0-64,Male,244
47,2017,0-64,Male,243
48,2017,0-64,Male,265
49,2017,0-64,Male,280
50,2017,0-64,Male,269
51,2017,0-64,Male,243
52,2017,0-64,Male,249
0,2018,0-64,Male,271
1,2018,0-64,Male,240
2,2018,0-64,Male,240
3,2018,0-64,Male,245
4,2018,0-64,Male,264
5,2018,0-64,Male,253
6,2018,0-64,Male,260
7,2018,0-64,Male,253
8,2018,0-64,Male,261
9,2018,0-64,Male,276
10,2018,0-64,Male,256
11,2018,0-64,Male,239
12,2018,0-64,Male,245
13,2018,0-64,Male,250
14,2018,0-64,Male,217
15,2018,0-64,Male,195
16,2018,0-64,Male,233
17,2018,0-64,Male,234
18,2018,0-64,Male,227
19,2018,0-64,Male,192
20,2018,0-64,Male,228
21,2018,0-64,Male,237
22,2018,0-64,Male,235
23,2018,0-64,Male,209
24,2018,0-64,Male,204
25,2018,0-64,Male,243
26,2018,0-64,Male,222
27,2018,0-64,Male,224
28,2018,0-64,Male,224
29,2018,0-64,Male,246
30,2018,0-64,Male,245
31,2018,0-64,Male,244
32,2018,0-64,Male,231
33,2018,0-64,Male,210
34,2018,0-64,Male,247
35,2018,0-64,Male,231
36,2018,0-64,Male,220
37,2018,0-64,Male,263
38,2018,0-64,Male,251
39,2018,0-64,Male,259
40,2018,0-64,Male,240
41,2018,0-64,Male,220
42,2018,0-64,Male,267
43,2018,0-64,Male,247
44,2018,0-64,Male,226
45,2018,0-64,Male,248
46,2018,0-64,Male,223
47,2018,0-64,Male,250
48,2018,0-64,Male,239
49,2018,0-64,Male,270
50,2018,0-64,Male,246
51,2018,0-64,Male,216
52,2018,0-64,Male,36
0,2019,0-64,Male,191
1,2019,0-64,Male,274
2,2019,0-64,Male,217
3,2019,0-64,Male,211
4,2019,0-64,Male,265
5,2019,0-64,Male,227
6,2019,0-64,Male,240
7,2019,0-64,Male,239
8,2019,0-64,Male,219
9,2019,0-64,Male,252
10,2019,0-64,Male,216
11,2019,0-64,Male,237
12,2019,0-64,Male,230
13,2019,0-64,Male,221
14,2019,0-64,Male,262
15,2019,0-64,Male,240
16,2019,0-64,Male,217
17,2019,0-64,Male,222
18,2019,0-64,Male,224
19,2019,0-64,Male,224
20,2019,0-64,Male,240
21,2019,0-64,Male,239
22,2019,0-64,Male,229
23,2019,0-64,Male,226
24,2019,0-64,Male,213
25,2019,0-64,Male,243
26,2019,0-64,Male,224
27,2019,0-64,Male,246
28,2019,0-64,Male,245
29,2019,0-64,Male,238
30,2019,0-64,Male,222
31,2019,0-64,Male,202
32,2019,0-64,Male,217
33,2019,0-64,Male,202
34,2019,0-64,Male,211
35,2019,0-64,Male,213
36,2019,0-64,Male,203
37,2019,0-64,Male,206
38,2019,0-64,Male,236
39,2019,0-64,Male,229
40,2019,0-64,Male,263
41,2019,0-64,Male,222
42,2019,0-64,Male,233
43,2019,0-64,Male,216
44,2019,0-64,Male,267
45,2019,0-64,Male,262
46,2019,0-64,Male,224
47,2019,0-64,Male,227
48,2019,0-64,Male,227
49,2019,0-64,Male,240
50,2019,0-64,Male,261
51,2019,0-64,Male,237
52,2019,0-64,Male,64
0,2020,0-64,Male,148
1,2020,0-64,Male,253
2,2020,0-64,Male,248
3,2020,0-64,Male,214
4,2020,0-64,Male,277
5,2020,0-64,Male,237
6,2020,0-64,Male,224
7,2020,0-64,Male,190
8,2020,0-64,Male,227
9,2020,0-64,Male,224
10,2020,0-64,Male,248
11,2020,0-64,Male,266
12,2020,0-64,Male,300
13,2020,0-64,Male,283
0,2017,65-79,Male,65
1,2017,65-79,Male,522
2,2017,65-79,Male,587
3,2017,65-79,Male,528
4,2017,65-79,Male,545
5,2017,65-79,Male,610
6,2017,65-79,Male,514
7,2017,65-79,Male,493
8,2017,65-79,Male,509
9,2017,65-79,Male,494
10,2017,65-79,Male,506
11,2017,65-79,Male,470
12,2017,65-79,Male,478
13,2017,65-79,Male,512
14,2017,65-79,Male,455
15,2017,65-79,Male,495
16,2017,65-79,Male,486
17,2017,65-79,Male,468
18,2017,65-79,Male,494
19,2017,65-79,Male,481
20,2017,65-79,Male,489
21,2017,65-79,Male,503
22,2017,65-79,Male,484
23,2017,65-79,Male,419
24,2017,65-79,Male,471
25,2017,65-79,Male,448
26,2017,65-79,Male,469
27,2017,65-79,Male,453
28,2017,65-79,Male,450
29,2017,65-79,Male,487
30,2017,65-79,Male,474
31,2017,65-79,Male,472
32,2017,65-79,Male,485
33,2017,65-79,Male,460
34,2017,65-79,Male,447
35,2017,65-79,Male,490
36,2017,65-79,Male,500
37,2017,65-79,Male,509
38,2017,65-79,Male,509
39,2017,65-79,Male,487
40,2017,65-79,Male,497
41,2017,65-79,Male,533
42,2017,65-79,Male,485
43,2017,65-79,Male,478
44,2017,65-79,Male,465
45,2017,65-79,Male,449
46,2017,65-79,Male,527
47,2017,65-79,Male,535
48,2017,65-79,Male,543
49,2017,65-79,Male,510
50,2017,65-79,Male,560
51,2017,65-79,Male,527
52,2017,65-79,Male,514
0,2018,65-79,Male,532
1,2018,65-79,Male,508
2,2018,65-79,Male,581
3,2018,65-79,Male,550
4,2018,65-79,Male,530
5,2018,65-79,Male,552
6,2018,65-79,Male,600
7,2018,65-79,Male,595
8,2018,65-79,Male,652
9,2018,65-79,Male,656
10,2018,65-79,Male,607
11,2018,65-79,Male,578
12,2018,65-79,Male,532
13,2018,65-79,Male,507
14,2018,65-79,Male,478
15,2018,65-79,Male,516
16,2018,65-79,Male,506
17,2018,65-79,Male,448
18,2018,65-79,Male,463
19,2018,65-79,Male,479
20,2018,65-79,Male,480
21,2018,65-79,Male,506
22,2018,65-79,Male,487
23,2018,65-79,Male,463
24,2018,65-79,Male,467
25,2018,65-79,Male,441
26,2018,65-79,Male,485
27,2018,65-79,Male,475
28,2018,65-79,Male,499
29,2018,65-79,Male,470
30,2018,65-79,Male,495
31,2018,65-79,Male,497
32,2018,65-79,Male,461
33,2018,65-79,Male,506
34,2018,65-79,Male,450
35,2018,65-79,Male,459
36,2018,65-79,Male,507
37,2018,65-79,Male,478
38,2018,65-79,Male,466
39,2018,65-79,Male,477
40,2018,65-79,Male,473
41,2018,65-79,Male,491
42,2018,65-79,Male,504
43,2018,65-79,Male,523
44,2018,65-79,Male,531
45,2018,65-79,Male,477
46,2018,65-79,Male,525
47,2018,65-79,Male,515
48,2018,65-79,Male,529
49,2018,65-79,Male,572
50,2018,65-79,Male,507
51,2018,65-79,Male,530
52,2018,65-79,Male,91
0,2019,65-79,Male,394
1,2019,65-79,Male,489
2,2019,65-79,Male,538
3,2019,65-79,Male,511
4,2019,65-79,Male,571
5,2019,65-79,Male,553
6,2019,65-79,Male,526
7,2019,65-79,Male,541
8,2019,65-79,Male,500
9,2019,65-79,Male,570
10,2019,65-79,Male,574
11,2019,65-79,Male,500
12,2019,65-79,Male,542
13,2019,65-79,Male,475
14,2019,65-79,Male,506
15,2019,65-79,Male,523
16,2019,65-79,Male,473
17,2019,65-79,Male,477
18,2019,65-79,Male,447
19,2019,65-79,Male,466
20,2019,65-79,Male,453
21,2019,65-79,Male,508
22,2019,65-79,Male,441
23,2019,65-79,Male,490
24,2019,65-79,Male,517
25,2019,65-79,Male,507
26,2019,65-79,Male,495
27,2019,65-79,Male,464
28,2019,65-79,Male,484
29,2019,65-79,Male,516
30,2019,65-79,Male,508
31,2019,65-79,Male,459
32,2019,65-79,Male,480
33,2019,65-79,Male,486
34,2019,65-79,Male,511
35,2019,65-79,Male,449
36,2019,65-79,Male,487
37,2019,65-79,Male,471
38,2019,65-79,Male,486
39,2019,65-79,Male,493
40,2019,65-79,Male,569
41,2019,65-79,Male,523
42,2019,65-79,Male,551
43,2019,65-79,Male,500
44,2019,65-79,Male,499
45,2019,65-79,Male,517
46,2019,65-79,Male,520
47,2019,65-79,Male,567
48,2019,65-79,Male,514
49,2019,65-79,Male,586
50,2019,65-79,Male,564
51,2019,65-79,Male,529
52,2019,65-79,Male,146
0,2020,65-79,Male,381
1,2020,65-79,Male,546
2,2020,65-79,Male,516
3,2020,65-79,Male,535
4,2020,65-79,Male,536
5,2020,65-79,Male,572
6,2020,65-79,Male,524
7,2020,65-79,Male,533
8,2020,65-79,Male,523
9,2020,65-79,Male,502
10,2020,65-79,Male,545
11,2020,65-79,Male,670
12,2020,65-79,Male,835
13,2020,65-79,Male,910
0,2017,80+,Male,119
1,2017,80+,Male,886
2,2017,80+,Male,916
3,2017,80+,Male,872
4,2017,80+,Male,878
5,2017,80+,Male,820
6,2017,80+,Male,855
7,2017,80+,Male,863
8,2017,80+,Male,802
9,2017,80+,Male,783
10,2017,80+,Male,726
11,2017,80+,Male,637
12,2017,80+,Male,623
13,2017,80+,Male,655
14,2017,80+,Male,604
15,2017,80+,Male,656
16,2017,80+,Male,606
17,2017,80+,Male,615
18,2017,80+,Male,634
19,2017,80+,Male,636
20,2017,80+,Male,640
21,2017,80+,Male,607
22,2017,80+,Male,594
23,2017,80+,Male,568
24,2017,80+,Male,601
25,2017,80+,Male,585
26,2017,80+,Male,628
27,2017,80+,Male,603
28,2017,80+,Male,583
29,2017,80+,Male,597
30,2017,80+,Male,548
31,2017,80+,Male,543
32,2017,80+,Male,548
33,2017,80+,Male,545
34,2017,80+,Male,569
35,2017,80+,Male,566
36,2017,80+,Male,559
37,2017,80+,Male,597
38,2017,80+,Male,585
39,2017,80+,Male,580
40,2017,80+,Male,579
41,2017,80+,Male,603
42,2017,80+,Male,603
43,2017,80+,Male,615
44,2017,80+,Male,605
45,2017,80+,Male,631
46,2017,80+,Male,605
47,2017,80+,Male,666
48,2017,80+,Male,656
49,2017,80+,Male,697
50,2017,80+,Male,743
51,2017,80+,Male,672
52,2017,80+,Male,757
0,2018,80+,Male,754
1,2018,80+,Male,844
2,2018,80+,Male,799
3,2018,80+,Male,855
4,2018,80+,Male,765
5,2018,80+,Male,835
6,2018,80+,Male,920
7,2018,80+,Male,902
8,2018,80+,Male,955
9,2018,80+,Male,972
10,2018,80+,Male,896
11,2018,80+,Male,874
12,2018,80+,Male,783
13,2018,80+,Male,688
14,2018,80+,Male,650
15,2018,80+,Male,602
16,2018,80+,Male,540
17,2018,80+,Male,632
18,2018,80+,Male,652
19,2018,80+,Male,606
20,2018,80+,Male,594
21,2018,80+,Male,607
22,2018,80+,Male,591
23,2018,80+,Male,576
24,2018,80+,Male,630
25,2018,80+,Male,627
26,2018,80+,Male,619
27,2018,80+,Male,580
28,2018,80+,Male,588
29,2018,80+,Male,628
30,2018,80+,Male,595
31,2018,80+,Male,598
32,2018,80+,Male,588
33,2018,80+,Male,605
34,2018,80+,Male,578
35,2018,80+,Male,596
36,2018,80+,Male,571
37,2018,80+,Male,584
38,2018,80+,Male,620
39,2018,80+,Male,637
40,2018,80+,Male,648
41,2018,80+,Male,623
42,2018,80+,Male,574
43,2018,80+,Male,603
44,2018,80+,Male,649
45,2018,80+,Male,607
46,2018,80+,Male,650
47,2018,80+,Male,642
48,2018,80+,Male,695
49,2018,80+,Male,670
50,2018,80+,Male,721
51,2018,80+,Male,659
52,2018,80+,Male,86
0,2019,80+,Male,665
1,2019,80+,Male,815
2,2019,80+,Male,765
3,2019,80+,Male,822
4,2019,80+,Male,742
5,2019,80+,Male,810
6,2019,80+,Male,813
7,2019,80+,Male,750
8,2019,80+,Male,743
9,2019,80+,Male,759
10,2019,80+,Male,792
11,2019,80+,Male,727
12,2019,80+,Male,736
13,2019,80+,Male,690
14,2019,80+,Male,702
15,2019,80+,Male,715
16,2019,80+,Male,729
17,2019,80+,Male,664
18,2019,80+,Male,663
19,2019,80+,Male,676
20,2019,80+,Male,677
21,2019,80+,Male,610
22,2019,80+,Male,657
23,2019,80+,Male,623
24,2019,80+,Male,626
25,2019,80+,Male,652
26,2019,80+,Male,636
27,2019,80+,Male,616
28,2019,80+,Male,544
29,2019,80+,Male,700
30,2019,80+,Male,618
31,2019,80+,Male,618
32,2019,80+,Male,586
33,2019,80+,Male,616
34,2019,80+,Male,608
35,2019,80+,Male,565
36,2019,80+,Male,598
37,2019,80+,Male,590
38,2019,80+,Male,655
39,2019,80+,Male,646
40,2019,80+,Male,649
41,2019,80+,Male,662
42,2019,80+,Male,651
43,2019,80+,Male,696
44,2019,80+,Male,746
45,2019,80+,Male,730
46,2019,80+,Male,684
47,2019,80+,Male,710
48,2019,80+,Male,728
49,2019,80+,Male,714
50,2019,80+,Male,783
51,2019,80+,Male,687
52,2019,80+,Male,196
0,2020,80+,Male,561
1,2020,80+,Male,877
2,2020,80+,Male,761
3,2020,80+,Male,717
4,2020,80+,Male,760
5,2020,80+,Male,779
6,2020,80+,Male,758
7,2020,80+,Male,757
8,2020,80+,Male,748
9,2020,80+,Male,784
10,2020,80+,Male,800
11,2020,80+,Male,924
12,2020,80+,Male,1213
13,2020,80+,Male,1445
0,2017,Total,Female,248
1,2017,Total,Female,1892
2,2017,Total,Female,1896
3,2017,Total,Female,1848
4,2017,Total,Female,1947
5,2017,Total,Female,1877
6,2017,Total,Female,1813
7,2017,Total,Female,1790
8,2017,Total,Female,1770
9,2017,Total,Female,1641
10,2017,Total,Female,1573
11,2017,Total,Female,1493
12,2017,Total,Female,1451
13,2017,Total,Female,1445
14,2017,Total,Female,1456
15,2017,Total,Female,1429
16,2017,Total,Female,1387
17,2017,Total,Female,1458
18,2017,Total,Female,1410
19,2017,Total,Female,1482
20,2017,Total,Female,1453
21,2017,Total,Female,1411
22,2017,Total,Female,1405
23,2017,Total,Female,1395
24,2017,Total,Female,1363
25,2017,Total,Female,1359
26,2017,Total,Female,1341
27,2017,Total,Female,1410
28,2017,Total,Female,1273
29,2017,Total,Female,1356
30,2017,Total,Female,1324
31,2017,Total,Female,1266
32,2017,Total,Female,1382
33,2017,Total,Female,1278
34,2017,Total,Female,1298
35,2017,Total,Female,1288
36,2017,Total,Female,1293
37,2017,Total,Female,1367
38,2017,Total,Female,1361
39,2017,Total,Female,1359
40,2017,Total,Female,1311
41,2017,Total,Female,1389
42,2017,Total,Female,1407
43,2017,Total,Female,1390
44,2017,Total,Female,1399
45,2017,Total,Female,1444
46,2017,Total,Female,1540
47,2017,Total,Female,1473
48,2017,Total,Female,1422
49,2017,Total,Female,1540
50,2017,Total,Female,1646
51,2017,Total,Female,1637
52,2017,Total,Female,1667
0,2018,Total,Female,1786
1,2018,Total,Female,1767
2,2018,Total,Female,1744
3,2018,Total,Female,1672
4,2018,Total,Female,1844
5,2018,Total,Female,1873
6,2018,Total,Female,1880
7,2018,Total,Female,1941
8,2018,Total,Female,2069
9,2018,Total,Female,2188
10,2018,Total,Female,1974
11,2018,Total,Female,1739
12,2018,Total,Female,1665
13,2018,Total,Female,1595
14,2018,Total,Female,1515
15,2018,Total,Female,1447
16,2018,Total,Female,1384
17,2018,Total,Female,1331
18,2018,Total,Female,1299
19,2018,Total,Female,1329
20,2018,Total,Female,1372
21,2018,Total,Female,1426
22,2018,Total,Female,1366
23,2018,Total,Female,1309
24,2018,Total,Female,1300
25,2018,Total,Female,1308
26,2018,Total,Female,1400
27,2018,Total,Female,1392
28,2018,Total,Female,1393
29,2018,Total,Female,1423
30,2018,Total,Female,1425
31,2018,Total,Female,1406
32,2018,Total,Female,1325
33,2018,Total,Female,1291
34,2018,Total,Female,1252
35,2018,Total,Female,1327
36,2018,Total,Female,1241
37,2018,Total,Female,1381
38,2018,Total,Female,1359
39,2018,Total,Female,1433
40,2018,Total,Female,1399
41,2018,Total,Female,1405
42,2018,Total,Female,1326
43,2018,Total,Female,1442
44,2018,Total,Female,1392
45,2018,Total,Female,1429
46,2018,Total,Female,1461
47,2018,Total,Female,1500
48,2018,Total,Female,1505
49,2018,Total,Female,1505
50,2018,Total,Female,1567
51,2018,Total,Female,1496
52,2018,Total,Female,243
0,2019,Total,Female,1356
1,2019,Total,Female,1684
2,2019,Total,Female,1630
3,2019,Total,Female,1634
4,2019,Total,Female,1565
5,2019,Total,Female,1595
6,2019,Total,Female,1673
7,2019,Total,Female,1692
8,2019,Total,Female,1604
9,2019,Total,Female,1590
10,2019,Total,Female,1645
11,2019,Total,Female,1578
12,2019,Total,Female,1505
13,2019,Total,Female,1514
14,2019,Total,Female,1430
15,2019,Total,Female,1562
16,2019,Total,Female,1538
17,2019,Total,Female,1443
18,2019,Total,Female,1437
19,2019,Total,Female,1455
20,2019,Total,Female,1503
21,2019,Total,Female,1375
22,2019,Total,Female,1409
23,2019,Total,Female,1311
24,2019,Total,Female,1338
25,2019,Total,Female,1433
26,2019,Total,Female,1370
27,2019,Total,Female,1434
28,2019,Total,Female,1311
29,2019,Total,Female,1553
30,2019,Total,Female,1383
31,2019,Total,Female,1349
32,2019,Total,Female,1329
33,2019,Total,Female,1311
34,2019,Total,Female,1452
35,2019,Total,Female,1328
36,2019,Total,Female,1352
37,2019,Total,Female,1313
38,2019,Total,Female,1376
39,2019,Total,Female,1345
40,2019,Total,Female,1430
41,2019,Total,Female,1470
42,2019,Total,Female,1432
43,2019,Total,Female,1440
44,2019,Total,Female,1499
45,2019,Total,Female,1548
46,2019,Total,Female,1591
47,2019,Total,Female,1533
48,2019,Total,Female,1544
49,2019,Total,Female,1608
50,2019,Total,Female,1627
51,2019,Total,Female,1544
52,2019,Total,Female,446
0,2020,Total,Female,1152
1,2020,Total,Female,1688
2,2020,Total,Female,1626
3,2020,Total,Female,1574
4,2020,Total,Female,1584
5,2020,Total,Female,1600
6,2020,Total,Female,1689
7,2020,Total,Female,1473
8,2020,Total,Female,1589
9,2020,Total,Female,1582
10,2020,Total,Female,1618
11,2020,Total,Female,1733
12,2020,Total,Female,2084
13,2020,Total,Female,2399
14,2020,Total,Female,2445
0,2017,0-64,Female,22
1,2017,0-64,Female,186
2,2017,0-64,Female,180
3,2017,0-64,Female,189
4,2017,0-64,Female,191
5,2017,0-64,Female,157
6,2017,0-64,Female,208
7,2017,0-64,Female,195
8,2017,0-64,Female,192
9,2017,0-64,Female,173
10,2017,0-64,Female,187
11,2017,0-64,Female,183
12,2017,0-64,Female,187
13,2017,0-64,Female,188
14,2017,0-64,Female,186
15,2017,0-64,Female,171
16,2017,0-64,Female,169
17,2017,0-64,Female,151
18,2017,0-64,Female,158
19,2017,0-64,Female,176
20,2017,0-64,Female,168
21,2017,0-64,Female,151
22,2017,0-64,Female,159
23,2017,0-64,Female,176
24,2017,0-64,Female,192
25,2017,0-64,Female,180
26,2017,0-64,Female,182
27,2017,0-64,Female,170
28,2017,0-64,Female,183
29,2017,0-64,Female,163
30,2017,0-64,Female,159
31,2017,0-64,Female,157
32,2017,0-64,Female,174
33,2017,0-64,Female,147
34,2017,0-64,Female,153
35,2017,0-64,Female,169
36,2017,0-64,Female,166
37,2017,0-64,Female,182
38,2017,0-64,Female,183
39,2017,0-64,Female,158
40,2017,0-64,Female,167
41,2017,0-64,Female,178
42,2017,0-64,Female,183
43,2017,0-64,Female,204
44,2017,0-64,Female,170
45,2017,0-64,Female,172
46,2017,0-64,Female,186
47,2017,0-64,Female,168
48,2017,0-64,Female,154
49,2017,0-64,Female,177
50,2017,0-64,Female,189
51,2017,0-64,Female,181
52,2017,0-64,Female,188
0,2018,0-64,Female,160
1,2018,0-64,Female,166
2,2018,0-64,Female,183
3,2018,0-64,Female,163
4,2018,0-64,Female,192
5,2018,0-64,Female,190
6,2018,0-64,Female,167
7,2018,0-64,Female,181
8,2018,0-64,Female,207
9,2018,0-64,Female,188
10,2018,0-64,Female,189
11,2018,0-64,Female,199
12,2018,0-64,Female,166
13,2018,0-64,Female,195
14,2018,0-64,Female,185
15,2018,0-64,Female,185
16,2018,0-64,Female,167
17,2018,0-64,Female,161
18,2018,0-64,Female,144
19,2018,0-64,Female,158
20,2018,0-64,Female,163
21,2018,0-64,Female,179
22,2018,0-64,Female,164
23,2018,0-64,Female,163
24,2018,0-64,Female,158
25,2018,0-64,Female,140
26,2018,0-64,Female,184
27,2018,0-64,Female,184
28,2018,0-64,Female,167
29,2018,0-64,Female,159
30,2018,0-64,Female,157
31,2018,0-64,Female,180
32,2018,0-64,Female,173
33,2018,0-64,Female,165
34,2018,0-64,Female,160
35,2018,0-64,Female,186
36,2018,0-64,Female,148
37,2018,0-64,Female,165
38,2018,0-64,Female,196
39,2018,0-64,Female,182
40,2018,0-64,Female,192
41,2018,0-64,Female,164
42,2018,0-64,Female,163
43,2018,0-64,Female,161
44,2018,0-64,Female,181
45,2018,0-64,Female,183
46,2018,0-64,Female,180
47,2018,0-64,Female,173
48,2018,0-64,Female,199
49,2018,0-64,Female,200
50,2018,0-64,Female,179
51,2018,0-64,Female,192
52,2018,0-64,Female,30
0,2019,0-64,Female,149
1,2019,0-64,Female,188
2,2019,0-64,Female,179
3,2019,0-64,Female,209
4,2019,0-64,Female,174
5,2019,0-64,Female,174
6,2019,0-64,Female,165
7,2019,0-64,Female,176
8,2019,0-64,Female,181
9,2019,0-64,Female,177
10,2019,0-64,Female,199
11,2019,0-64,Female,162
12,2019,0-64,Female,166
13,2019,0-64,Female,163
14,2019,0-64,Female,140
15,2019,0-64,Female,186
16,2019,0-64,Female,150
17,2019,0-64,Female,155
18,2019,0-64,Female,153
19,2019,0-64,Female,163
20,2019,0-64,Female,164
21,2019,0-64,Female,151
22,2019,0-64,Female,188
23,2019,0-64,Female,143
24,2019,0-64,Female,153
25,2019,0-64,Female,167
26,2019,0-64,Female,159
27,2019,0-64,Female,156
28,2019,0-64,Female,155
29,2019,0-64,Female,196
30,2019,0-64,Female,157
31,2019,0-64,Female,169
32,2019,0-64,Female,141
33,2019,0-64,Female,170
34,2019,0-64,Female,170
35,2019,0-64,Female,163
36,2019,0-64,Female,175
37,2019,0-64,Female,148
38,2019,0-64,Female,159
39,2019,0-64,Female,174
40,2019,0-64,Female,149
41,2019,0-64,Female,160
42,2019,0-64,Female,169
43,2019,0-64,Female,176
44,2019,0-64,Female,196
45,2019,0-64,Female,195
46,2019,0-64,Female,165
47,2019,0-64,Female,195
48,2019,0-64,Female,178
49,2019,0-64,Female,186
50,2019,0-64,Female,189
51,2019,0-64,Female,163
52,2019,0-64,Female,46
0,2020,0-64,Female,123
1,2020,0-64,Female,179
2,2020,0-64,Female,168
3,2020,0-64,Female,138
4,2020,0-64,Female,170
5,2020,0-64,Female,161
6,2020,0-64,Female,184
7,2020,0-64,Female,149
8,2020,0-64,Female,173
9,2020,0-64,Female,163
10,2020,0-64,Female,158
11,2020,0-64,Female,178
12,2020,0-64,Female,191
13,2020,0-64,Female,204
0,2017,65-79,Female,63
1,2017,65-79,Female,407
2,2017,65-79,Female,406
3,2017,65-79,Female,366
4,2017,65-79,Female,411
5,2017,65-79,Female,428
6,2017,65-79,Female,415
7,2017,65-79,Female,384
8,2017,65-79,Female,405
9,2017,65-79,Female,334
10,2017,65-79,Female,380
11,2017,65-79,Female,325
12,2017,65-79,Female,340
13,2017,65-79,Female,354
14,2017,65-79,Female,345
15,2017,65-79,Female,371
16,2017,65-79,Female,329
17,2017,65-79,Female,353
18,2017,65-79,Female,346
19,2017,65-79,Female,372
20,2017,65-79,Female,359
21,2017,65-79,Female,327
22,2017,65-79,Female,356
23,2017,65-79,Female,330
24,2017,65-79,Female,323
25,2017,65-79,Female,355
26,2017,65-79,Female,316
27,2017,65-79,Female,363
28,2017,65-79,Female,308
29,2017,65-79,Female,345
30,2017,65-79,Female,345
31,2017,65-79,Female,303
32,2017,65-79,Female,353
33,2017,65-79,Female,335
34,2017,65-79,Female,316
35,2017,65-79,Female,300
36,2017,65-79,Female,346
37,2017,65-79,Female,355
38,2017,65-79,Female,345
39,2017,65-79,Female,336
40,2017,65-79,Female,296
41,2017,65-79,Female,344
42,2017,65-79,Female,347
43,2017,65-79,Female,313
44,2017,65-79,Female,333
45,2017,65-79,Female,346
46,2017,65-79,Female,384
47,2017,65-79,Female,377
48,2017,65-79,Female,337
49,2017,65-79,Female,389
50,2017,65-79,Female,457
51,2017,65-79,Female,391
52,2017,65-79,Female,420
0,2018,65-79,Female,400
1,2018,65-79,Female,418
2,2018,65-79,Female,402
3,2018,65-79,Female,386
4,2018,65-79,Female,391
5,2018,65-79,Female,418
6,2018,65-79,Female,470
7,2018,65-79,Female,452
8,2018,65-79,Female,459
9,2018,65-79,Female,458
10,2018,65-79,Female,438
11,2018,65-79,Female,369
12,2018,65-79,Female,365
13,2018,65-79,Female,395
14,2018,65-79,Female,368
15,2018,65-79,Female,358
16,2018,65-79,Female,323
17,2018,65-79,Female,319
18,2018,65-79,Female,295
19,2018,65-79,Female,346
20,2018,65-79,Female,317
21,2018,65-79,Female,351
22,2018,65-79,Female,338
23,2018,65-79,Female,334
24,2018,65-79,Female,336
25,2018,65-79,Female,343
26,2018,65-79,Female,353
27,2018,65-79,Female,330
28,2018,65-79,Female,311
29,2018,65-79,Female,354
30,2018,65-79,Female,372
31,2018,65-79,Female,330
32,2018,65-79,Female,324
33,2018,65-79,Female,307
34,2018,65-79,Female,358
35,2018,65-79,Female,352
36,2018,65-79,Female,312
37,2018,65-79,Female,390
38,2018,65-79,Female,338
39,2018,65-79,Female,396
40,2018,65-79,Female,359
41,2018,65-79,Female,340
42,2018,65-79,Female,353
43,2018,65-79,Female,397
44,2018,65-79,Female,376
45,2018,65-79,Female,348
46,2018,65-79,Female,403
47,2018,65-79,Female,401
48,2018,65-79,Female,376
49,2018,65-79,Female,388
50,2018,65-79,Female,421
51,2018,65-79,Female,379
52,2018,65-79,Female,51
0,2019,65-79,Female,321
1,2019,65-79,Female,376
2,2019,65-79,Female,388
3,2019,65-79,Female,419
4,2019,65-79,Female,376
5,2019,65-79,Female,430
6,2019,65-79,Female,389
7,2019,65-79,Female,399
8,2019,65-79,Female,379
9,2019,65-79,Female,368
10,2019,65-79,Female,406
11,2019,65-79,Female,360
12,2019,65-79,Female,350
13,2019,65-79,Female,373
14,2019,65-79,Female,382
15,2019,65-79,Female,378
16,2019,65-79,Female,387
17,2019,65-79,Female,392
18,2019,65-79,Female,374
19,2019,65-79,Female,345
20,2019,65-79,Female,357
21,2019,65-79,Female,337
22,2019,65-79,Female,366
23,2019,65-79,Female,329
24,2019,65-79,Female,349
25,2019,65-79,Female,351
26,2019,65-79,Female,373
27,2019,65-79,Female,377
28,2019,65-79,Female,332
29,2019,65-79,Female,363
30,2019,65-79,Female,349
31,2019,65-79,Female,325
32,2019,65-79,Female,358
33,2019,65-79,Female,327
34,2019,65-79,Female,395
35,2019,65-79,Female,334
36,2019,65-79,Female,360
37,2019,65-79,Female,346
38,2019,65-79,Female,378
39,2019,65-79,Female,324
40,2019,65-79,Female,374
41,2019,65-79,Female,389
42,2019,65-79,Female,384
43,2019,65-79,Female,382
44,2019,65-79,Female,352
45,2019,65-79,Female,403
46,2019,65-79,Female,402
47,2019,65-79,Female,373
48,2019,65-79,Female,402
49,2019,65-79,Female,429
50,2019,65-79,Female,428
51,2019,65-79,Female,395
52,2019,65-79,Female,115
0,2020,65-79,Female,250
1,2020,65-79,Female,421
2,2020,65-79,Female,395
3,2020,65-79,Female,398
4,2020,65-79,Female,385
5,2020,65-79,Female,407
6,2020,65-79,Female,413
7,2020,65-79,Female,334
8,2020,65-79,Female,385
9,2020,65-79,Female,383
10,2020,65-79,Female,402
11,2020,65-79,Female,404
12,2020,65-79,Female,559
13,2020,65-79,Female,575
0,2017,80+,Female,163
1,2017,80+,Female,1299
2,2017,80+,Female,1310
3,2017,80+,Female,1293
4,2017,80+,Female,1345
5,2017,80+,Female,1292
6,2017,80+,Female,1190
7,2017,80+,Female,1211
8,2017,80+,Female,1173
9,2017,80+,Female,1134
10,2017,80+,Female,1006
11,2017,80+,Female,985
12,2017,80+,Female,924
13,2017,80+,Female,903
14,2017,80+,Female,925
15,2017,80+,Female,887
16,2017,80+,Female,889
17,2017,80+,Female,954
18,2017,80+,Female,906
19,2017,80+,Female,934
20,2017,80+,Female,926
21,2017,80+,Female,933
22,2017,80+,Female,890
23,2017,80+,Female,889
24,2017,80+,Female,848
25,2017,80+,Female,824
26,2017,80+,Female,843
27,2017,80+,Female,877
28,2017,80+,Female,782
29,2017,80+,Female,848
30,2017,80+,Female,820
31,2017,80+,Female,806
32,2017,80+,Female,855
33,2017,80+,Female,796
34,2017,80+,Female,829
35,2017,80+,Female,819
36,2017,80+,Female,781
37,2017,80+,Female,830
38,2017,80+,Female,833
39,2017,80+,Female,865
40,2017,80+,Female,848
41,2017,80+,Female,867
42,2017,80+,Female,877
43,2017,80+,Female,873
44,2017,80+,Female,896
45,2017,80+,Female,926
46,2017,80+,Female,970
47,2017,80+,Female,928
48,2017,80+,Female,931
49,2017,80+,Female,974
50,2017,80+,Female,1000
51,2017,80+,Female,1065
52,2017,80+,Female,1059
0,2018,80+,Female,1226
1,2018,80+,Female,1183
2,2018,80+,Female,1159
3,2018,80+,Female,1123
4,2018,80+,Female,1261
5,2018,80+,Female,1265
6,2018,80+,Female,1243
7,2018,80+,Female,1308
8,2018,80+,Female,1403
9,2018,80+,Female,1542
10,2018,80+,Female,1347
11,2018,80+,Female,1171
12,2018,80+,Female,1134
13,2018,80+,Female,1005
14,2018,80+,Female,962
15,2018,80+,Female,904
16,2018,80+,Female,894
17,2018,80+,Female,851
18,2018,80+,Female,860
19,2018,80+,Female,825
20,2018,80+,Female,892
21,2018,80+,Female,896
22,2018,80+,Female,864
23,2018,80+,Female,812
24,2018,80+,Female,806
25,2018,80+,Female,825
26,2018,80+,Female,863
27,2018,80+,Female,878
28,2018,80+,Female,915
29,2018,80+,Female,910
30,2018,80+,Female,896
31,2018,80+,Female,896
32,2018,80+,Female,828
33,2018,80+,Female,819
34,2018,80+,Female,734
35,2018,80+,Female,789
36,2018,80+,Female,781
37,2018,80+,Female,826
38,2018,80+,Female,825
39,2018,80+,Female,855
40,2018,80+,Female,848
41,2018,80+,Female,901
42,2018,80+,Female,810
43,2018,80+,Female,884
44,2018,80+,Female,835
45,2018,80+,Female,898
46,2018,80+,Female,878
47,2018,80+,Female,926
48,2018,80+,Female,930
49,2018,80+,Female,917
50,2018,80+,Female,967
51,2018,80+,Female,925
52,2018,80+,Female,162
0,2019,80+,Female,886
1,2019,80+,Female,1120
2,2019,80+,Female,1063
3,2019,80+,Female,1006
4,2019,80+,Female,1015
5,2019,80+,Female,991
6,2019,80+,Female,1119
7,2019,80+,Female,1117
8,2019,80+,Female,1044
9,2019,80+,Female,1045
10,2019,80+,Female,1040
11,2019,80+,Female,1056
12,2019,80+,Female,989
13,2019,80+,Female,978
14,2019,80+,Female,908
15,2019,80+,Female,998
16,2019,80+,Female,1001
17,2019,80+,Female,896
18,2019,80+,Female,910
19,2019,80+,Female,947
20,2019,80+,Female,982
21,2019,80+,Female,887
22,2019,80+,Female,855
23,2019,80+,Female,839
24,2019,80+,Female,836
25,2019,80+,Female,915
26,2019,80+,Female,838
27,2019,80+,Female,901
28,2019,80+,Female,824
29,2019,80+,Female,994
30,2019,80+,Female,877
31,2019,80+,Female,855
32,2019,80+,Female,830
33,2019,80+,Female,814
34,2019,80+,Female,887
35,2019,80+,Female,831
36,2019,80+,Female,817
37,2019,80+,Female,819
38,2019,80+,Female,839
39,2019,80+,Female,847
40,2019,80+,Female,907
41,2019,80+,Female,921
42,2019,80+,Female,879
43,2019,80+,Female,882
44,2019,80+,Female,951
45,2019,80+,Female,950
46,2019,80+,Female,1024
47,2019,80+,Female,965
48,2019,80+,Female,964
49,2019,80+,Female,993
50,2019,80+,Female,1010
51,2019,80+,Female,986
52,2019,80+,Female,285
0,2020,80+,Female,779
1,2020,80+,Female,1088
2,2020,80+,Female,1063
3,2020,80+,Female,1038
4,2020,80+,Female,1029
5,2020,80+,Female,1032
6,2020,80+,Female,1092
7,2020,80+,Female,990
8,2020,80+,Female,1031
9,2020,80+,Female,1036
10,2020,80+,Female,1058
11,2020,80+,Female,1151
12,2020,80+,Female,1334
13,2020,80+,Female,1620
