,Week,Year,Age,Condition,Region,Deaths
0,2019-01-04,2020,Total,Total,Total,10955
1,2019-01-11,2020,Total,Total,Total,12609
2,2019-01-18,2020,Total,Total,Total,11860
3,2019-01-25,2020,Total,Total,Total,11740
4,2019-02-01,2020,Total,Total,Total,11297
5,2019-02-08,2020,Total,Total,Total,11660
6,2019-02-15,2020,Total,Total,Total,11824
7,2019-02-22,2020,Total,Total,Total,11295
8,2019-03-01,2020,Total,Total,Total,11044
9,2019-03-08,2020,Total,Total,Total,10898
10,2019-03-15,2020,Total,Total,Total,10567
11,2019-03-22,2020,Total,Total,Total,10402
12,2019-03-29,2020,Total,Total,Total,9867
13,2019-04-05,2020,Total,Total,Total,10126
14,2019-04-12,2020,Total,Total,Total,10291
15,2019-04-19,2020,Total,Total,Total,9025
16,2019-04-26,2020,Total,Total,Total,10059
17,2019-05-03,2020,Total,Total,Total,11207
18,2019-05-10,2020,Total,Total,Total,9055
19,2019-05-17,2020,Total,Total,Total,10272
20,2019-05-24,2020,Total,Total,Total,10284
21,2019-05-31,2020,Total,Total,Total,8260
22,2019-06-07,2020,Total,Total,Total,10140
23,2019-06-14,2020,Total,Total,Total,9445
24,2019-06-21,2020,Total,Total,Total,9458
25,2019-06-28,2020,Total,Total,Total,9511
26,2019-07-05,2020,Total,Total,Total,9062
27,2019-07-12,2020,Total,Total,Total,9179
28,2019-07-19,2020,Total,Total,Total,9080
29,2019-07-26,2020,Total,Total,Total,9112
30,2019-08-02,2020,Total,Total,Total,9271
31,2019-08-09,2020,Total,Total,Total,9122
32,2019-08-16,2020,Total,Total,Total,9093
33,2019-08-23,2020,Total,Total,Total,8994
34,2019-08-30,2020,Total,Total,Total,8242
35,2019-09-06,2020,Total,Total,Total,9695
36,2019-09-13,2020,Total,Total,Total,9513
37,2019-09-20,2020,Total,Total,Total,9440
38,2019-09-27,2020,Total,Total,Total,9517
39,2019-10-04,2020,Total,Total,Total,9799
40,2019-10-11,2020,Total,Total,Total,9973
41,2019-10-18,2020,Total,Total,Total,10156
42,2019-10-25,2020,Total,Total,Total,10021
43,2019-11-01,2020,Total,Total,Total,10164
44,2019-11-08,2020,Total,Total,Total,10697
45,2019-11-15,2020,Total,Total,Total,10650
46,2019-11-22,2020,Total,Total,Total,10882
47,2019-11-29,2020,Total,Total,Total,10958
48,2019-12-06,2020,Total,Total,Total,10816
49,2019-12-13,2020,Total,Total,Total,11188
50,2019-12-20,2020,Total,Total,Total,11926
51,2019-12-27,2020,Total,Total,Total,7533
52,2019-01-04,2020,Total,Respiratory,Total,1736
53,2019-01-11,2020,Total,Respiratory,Total,2214
54,2019-01-18,2020,Total,Respiratory,Total,1972
55,2019-01-25,2020,Total,Respiratory,Total,1942
56,2019-02-01,2020,Total,Respiratory,Total,1931
57,2019-02-08,2020,Total,Respiratory,Total,1918
58,2019-02-15,2020,Total,Respiratory,Total,1931
59,2019-02-22,2020,Total,Respiratory,Total,1890
60,2019-03-01,2020,Total,Respiratory,Total,1786
61,2019-03-08,2020,Total,Respiratory,Total,1657
62,2019-03-15,2020,Total,Respiratory,Total,1559
63,2019-03-22,2020,Total,Respiratory,Total,1486
64,2019-03-29,2020,Total,Respiratory,Total,1314
65,2019-04-05,2020,Total,Respiratory,Total,1412
66,2019-04-12,2020,Total,Respiratory,Total,1396
67,2019-04-19,2020,Total,Respiratory,Total,1262
68,2019-04-26,2020,Total,Respiratory,Total,1406
69,2019-05-03,2020,Total,Respiratory,Total,1581
70,2019-05-10,2020,Total,Respiratory,Total,1239
71,2019-05-17,2020,Total,Respiratory,Total,1355
72,2019-05-24,2020,Total,Respiratory,Total,1324
73,2019-05-31,2020,Total,Respiratory,Total,1105
74,2019-06-07,2020,Total,Respiratory,Total,1290
75,2019-06-14,2020,Total,Respiratory,Total,1134
76,2019-06-21,2020,Total,Respiratory,Total,1134
77,2019-06-28,2020,Total,Respiratory,Total,1143
78,2019-07-05,2020,Total,Respiratory,Total,1076
79,2019-07-12,2020,Total,Respiratory,Total,1081
80,2019-07-19,2020,Total,Respiratory,Total,1024
81,2019-07-26,2020,Total,Respiratory,Total,996
82,2019-08-02,2020,Total,Respiratory,Total,1116
83,2019-08-09,2020,Total,Respiratory,Total,1048
84,2019-08-16,2020,Total,Respiratory,Total,1033
85,2019-08-23,2020,Total,Respiratory,Total,981
86,2019-08-30,2020,Total,Respiratory,Total,854
87,2019-09-06,2020,Total,Respiratory,Total,1125
88,2019-09-13,2020,Total,Respiratory,Total,1028
89,2019-09-20,2020,Total,Respiratory,Total,1056
90,2019-09-27,2020,Total,Respiratory,Total,1045
91,2019-10-04,2020,Total,Respiratory,Total,1114
92,2019-10-11,2020,Total,Respiratory,Total,1209
93,2019-10-18,2020,Total,Respiratory,Total,1236
94,2019-10-25,2020,Total,Respiratory,Total,1252
95,2019-11-01,2020,Total,Respiratory,Total,1333
96,2019-11-08,2020,Total,Respiratory,Total,1363
97,2019-11-15,2020,Total,Respiratory,Total,1451
98,2019-11-22,2020,Total,Respiratory,Total,1423
99,2019-11-29,2020,Total,Respiratory,Total,1566
100,2019-12-06,2020,Total,Respiratory,Total,1505
101,2019-12-13,2020,Total,Respiratory,Total,1637
102,2019-12-20,2020,Total,Respiratory,Total,1839
103,2019-12-27,2020,Total,Respiratory,Total,1166
0,2019-01-04,2019,Under 1 year,Total,Total,43
1,2019-01-11,2019,Under 1 year,Total,Total,50
2,2019-01-18,2019,Under 1 year,Total,Total,59
3,2019-01-25,2019,Under 1 year,Total,Total,42
4,2019-02-01,2019,Under 1 year,Total,Total,57
5,2019-02-08,2019,Under 1 year,Total,Total,54
6,2019-02-15,2019,Under 1 year,Total,Total,49
7,2019-02-22,2019,Under 1 year,Total,Total,59
8,2019-03-01,2019,Under 1 year,Total,Total,52
9,2019-03-08,2019,Under 1 year,Total,Total,45
10,2019-03-15,2019,Under 1 year,Total,Total,57
11,2019-03-22,2019,Under 1 year,Total,Total,49
12,2019-03-29,2019,Under 1 year,Total,Total,45
13,2019-04-05,2019,Under 1 year,Total,Total,41
14,2019-04-12,2019,Under 1 year,Total,Total,47
15,2019-04-19,2019,Under 1 year,Total,Total,48
16,2019-04-26,2019,Under 1 year,Total,Total,34
17,2019-05-03,2019,Under 1 year,Total,Total,46
18,2019-05-10,2019,Under 1 year,Total,Total,56
19,2019-05-17,2019,Under 1 year,Total,Total,44
20,2019-05-24,2019,Under 1 year,Total,Total,51
21,2019-05-31,2019,Under 1 year,Total,Total,45
22,2019-06-07,2019,Under 1 year,Total,Total,48
23,2019-06-14,2019,Under 1 year,Total,Total,46
24,2019-06-21,2019,Under 1 year,Total,Total,46
25,2019-06-28,2019,Under 1 year,Total,Total,39
26,2019-07-05,2019,Under 1 year,Total,Total,33
27,2019-07-12,2019,Under 1 year,Total,Total,44
28,2019-07-19,2019,Under 1 year,Total,Total,45
29,2019-07-26,2019,Under 1 year,Total,Total,57
30,2019-08-02,2019,Under 1 year,Total,Total,57
31,2019-08-09,2019,Under 1 year,Total,Total,57
32,2019-08-16,2019,Under 1 year,Total,Total,54
33,2019-08-23,2019,Under 1 year,Total,Total,47
34,2019-08-30,2019,Under 1 year,Total,Total,45
35,2019-09-06,2019,Under 1 year,Total,Total,54
36,2019-09-13,2019,Under 1 year,Total,Total,60
37,2019-09-20,2019,Under 1 year,Total,Total,45
38,2019-09-27,2019,Under 1 year,Total,Total,55
39,2019-10-04,2019,Under 1 year,Total,Total,68
40,2019-10-11,2019,Under 1 year,Total,Total,46
41,2019-10-18,2019,Under 1 year,Total,Total,54
42,2019-10-25,2019,Under 1 year,Total,Total,49
43,2019-11-01,2019,Under 1 year,Total,Total,45
44,2019-11-08,2019,Under 1 year,Total,Total,52
45,2019-11-15,2019,Under 1 year,Total,Total,46
46,2019-11-22,2019,Under 1 year,Total,Total,57
47,2019-11-29,2019,Under 1 year,Total,Total,56
48,2019-12-06,2019,Under 1 year,Total,Total,50
49,2019-12-13,2019,Under 1 year,Total,Total,52
50,2019-12-20,2019,Under 1 year,Total,Total,53
51,2019-12-27,2019,Under 1 year,Total,Total,34
0,2019-01-04,2019,01-14,Total,Total,15
1,2019-01-11,2019,01-14,Total,Total,20
2,2019-01-18,2019,01-14,Total,Total,29
3,2019-01-25,2019,01-14,Total,Total,22
4,2019-02-01,2019,01-14,Total,Total,15
5,2019-02-08,2019,01-14,Total,Total,25
6,2019-02-15,2019,01-14,Total,Total,17
7,2019-02-22,2019,01-14,Total,Total,30
8,2019-03-01,2019,01-14,Total,Total,20
9,2019-03-08,2019,01-14,Total,Total,16
10,2019-03-15,2019,01-14,Total,Total,24
11,2019-03-22,2019,01-14,Total,Total,24
12,2019-03-29,2019,01-14,Total,Total,17
13,2019-04-05,2019,01-14,Total,Total,13
14,2019-04-12,2019,01-14,Total,Total,23
15,2019-04-19,2019,01-14,Total,Total,21
16,2019-04-26,2019,01-14,Total,Total,18
17,2019-05-03,2019,01-14,Total,Total,18
18,2019-05-10,2019,01-14,Total,Total,17
19,2019-05-17,2019,01-14,Total,Total,14
20,2019-05-24,2019,01-14,Total,Total,21
21,2019-05-31,2019,01-14,Total,Total,16
22,2019-06-07,2019,01-14,Total,Total,18
23,2019-06-14,2019,01-14,Total,Total,18
24,2019-06-21,2019,01-14,Total,Total,20
25,2019-06-28,2019,01-14,Total,Total,21
26,2019-07-05,2019,01-14,Total,Total,26
27,2019-07-12,2019,01-14,Total,Total,16
28,2019-07-19,2019,01-14,Total,Total,14
29,2019-07-26,2019,01-14,Total,Total,14
30,2019-08-02,2019,01-14,Total,Total,11
31,2019-08-09,2019,01-14,Total,Total,12
32,2019-08-16,2019,01-14,Total,Total,24
33,2019-08-23,2019,01-14,Total,Total,8
34,2019-08-30,2019,01-14,Total,Total,16
35,2019-09-06,2019,01-14,Total,Total,19
36,2019-09-13,2019,01-14,Total,Total,12
37,2019-09-20,2019,01-14,Total,Total,18
38,2019-09-27,2019,01-14,Total,Total,14
39,2019-10-04,2019,01-14,Total,Total,15
40,2019-10-11,2019,01-14,Total,Total,16
41,2019-10-18,2019,01-14,Total,Total,14
42,2019-10-25,2019,01-14,Total,Total,14
43,2019-11-01,2019,01-14,Total,Total,19
44,2019-11-08,2019,01-14,Total,Total,7
45,2019-11-15,2019,01-14,Total,Total,19
46,2019-11-22,2019,01-14,Total,Total,19
47,2019-11-29,2019,01-14,Total,Total,14
48,2019-12-06,2019,01-14,Total,Total,17
49,2019-12-13,2019,01-14,Total,Total,32
50,2019-12-20,2019,01-14,Total,Total,19
51,2019-12-27,2019,01-14,Total,Total,13
0,2019-01-04,2019,15-44,Total,Total,215
1,2019-01-11,2019,15-44,Total,Total,280
2,2019-01-18,2019,15-44,Total,Total,319
3,2019-01-25,2019,15-44,Total,Total,339
4,2019-02-01,2019,15-44,Total,Total,307
5,2019-02-08,2019,15-44,Total,Total,267
6,2019-02-15,2019,15-44,Total,Total,305
7,2019-02-22,2019,15-44,Total,Total,276
8,2019-03-01,2019,15-44,Total,Total,288
9,2019-03-08,2019,15-44,Total,Total,303
10,2019-03-15,2019,15-44,Total,Total,299
11,2019-03-22,2019,15-44,Total,Total,293
12,2019-03-29,2019,15-44,Total,Total,289
13,2019-04-05,2019,15-44,Total,Total,296
14,2019-04-12,2019,15-44,Total,Total,288
15,2019-04-19,2019,15-44,Total,Total,251
16,2019-04-26,2019,15-44,Total,Total,273
17,2019-05-03,2019,15-44,Total,Total,297
18,2019-05-10,2019,15-44,Total,Total,262
19,2019-05-17,2019,15-44,Total,Total,304
20,2019-05-24,2019,15-44,Total,Total,309
21,2019-05-31,2019,15-44,Total,Total,239
22,2019-06-07,2019,15-44,Total,Total,306
23,2019-06-14,2019,15-44,Total,Total,298
24,2019-06-21,2019,15-44,Total,Total,279
25,2019-06-28,2019,15-44,Total,Total,273
26,2019-07-05,2019,15-44,Total,Total,255
27,2019-07-12,2019,15-44,Total,Total,259
28,2019-07-19,2019,15-44,Total,Total,279
29,2019-07-26,2019,15-44,Total,Total,267
30,2019-08-02,2019,15-44,Total,Total,265
31,2019-08-09,2019,15-44,Total,Total,245
32,2019-08-16,2019,15-44,Total,Total,277
33,2019-08-23,2019,15-44,Total,Total,264
34,2019-08-30,2019,15-44,Total,Total,224
35,2019-09-06,2019,15-44,Total,Total,268
36,2019-09-13,2019,15-44,Total,Total,297
37,2019-09-20,2019,15-44,Total,Total,264
38,2019-09-27,2019,15-44,Total,Total,269
39,2019-10-04,2019,15-44,Total,Total,325
40,2019-10-11,2019,15-44,Total,Total,302
41,2019-10-18,2019,15-44,Total,Total,303
42,2019-10-25,2019,15-44,Total,Total,281
43,2019-11-01,2019,15-44,Total,Total,289
44,2019-11-08,2019,15-44,Total,Total,314
45,2019-11-15,2019,15-44,Total,Total,271
46,2019-11-22,2019,15-44,Total,Total,283
47,2019-11-29,2019,15-44,Total,Total,312
48,2019-12-06,2019,15-44,Total,Total,315
49,2019-12-13,2019,15-44,Total,Total,315
50,2019-12-20,2019,15-44,Total,Total,368
51,2019-12-27,2019,15-44,Total,Total,148
0,2019-01-04,2019,45-64,Total,Total,1199
1,2019-01-11,2019,45-64,Total,Total,1419
2,2019-01-18,2019,45-64,Total,Total,1373
3,2019-01-25,2019,45-64,Total,Total,1438
4,2019-02-01,2019,45-64,Total,Total,1367
5,2019-02-08,2019,45-64,Total,Total,1387
6,2019-02-15,2019,45-64,Total,Total,1372
7,2019-02-22,2019,45-64,Total,Total,1395
8,2019-03-01,2019,45-64,Total,Total,1264
9,2019-03-08,2019,45-64,Total,Total,1342
10,2019-03-15,2019,45-64,Total,Total,1311
11,2019-03-22,2019,45-64,Total,Total,1249
12,2019-03-29,2019,45-64,Total,Total,1222
13,2019-04-05,2019,45-64,Total,Total,1232
14,2019-04-12,2019,45-64,Total,Total,1265
15,2019-04-19,2019,45-64,Total,Total,1100
16,2019-04-26,2019,45-64,Total,Total,1207
17,2019-05-03,2019,45-64,Total,Total,1334
18,2019-05-10,2019,45-64,Total,Total,1094
19,2019-05-17,2019,45-64,Total,Total,1274
20,2019-05-24,2019,45-64,Total,Total,1262
21,2019-05-31,2019,45-64,Total,Total,991
22,2019-06-07,2019,45-64,Total,Total,1223
23,2019-06-14,2019,45-64,Total,Total,1149
24,2019-06-21,2019,45-64,Total,Total,1150
25,2019-06-28,2019,45-64,Total,Total,1214
26,2019-07-05,2019,45-64,Total,Total,1112
27,2019-07-12,2019,45-64,Total,Total,1140
28,2019-07-19,2019,45-64,Total,Total,1136
29,2019-07-26,2019,45-64,Total,Total,1117
30,2019-08-02,2019,45-64,Total,Total,1123
31,2019-08-09,2019,45-64,Total,Total,1095
32,2019-08-16,2019,45-64,Total,Total,1244
33,2019-08-23,2019,45-64,Total,Total,1127
34,2019-08-30,2019,45-64,Total,Total,1026
35,2019-09-06,2019,45-64,Total,Total,1199
36,2019-09-13,2019,45-64,Total,Total,1169
37,2019-09-20,2019,45-64,Total,Total,1174
38,2019-09-27,2019,45-64,Total,Total,1197
39,2019-10-04,2019,45-64,Total,Total,1189
40,2019-10-11,2019,45-64,Total,Total,1137
41,2019-10-18,2019,45-64,Total,Total,1154
42,2019-10-25,2019,45-64,Total,Total,1198
43,2019-11-01,2019,45-64,Total,Total,1196
44,2019-11-08,2019,45-64,Total,Total,1236
45,2019-11-15,2019,45-64,Total,Total,1254
46,2019-11-22,2019,45-64,Total,Total,1225
47,2019-11-29,2019,45-64,Total,Total,1237
48,2019-12-06,2019,45-64,Total,Total,1275
49,2019-12-13,2019,45-64,Total,Total,1313
50,2019-12-20,2019,45-64,Total,Total,1316
51,2019-12-27,2019,45-64,Total,Total,773
0,2019-01-04,2019,65-74,Total,Total,1766
1,2019-01-11,2019,65-74,Total,Total,2179
2,2019-01-18,2019,65-74,Total,Total,2004
3,2019-01-25,2019,65-74,Total,Total,1936
4,2019-02-01,2019,65-74,Total,Total,1852
5,2019-02-08,2019,65-74,Total,Total,1955
6,2019-02-15,2019,65-74,Total,Total,1911
7,2019-02-22,2019,65-74,Total,Total,1824
8,2019-03-01,2019,65-74,Total,Total,1826
9,2019-03-08,2019,65-74,Total,Total,1857
10,2019-03-15,2019,65-74,Total,Total,1718
11,2019-03-22,2019,65-74,Total,Total,1713
12,2019-03-29,2019,65-74,Total,Total,1643
13,2019-04-05,2019,65-74,Total,Total,1614
14,2019-04-12,2019,65-74,Total,Total,1712
15,2019-04-19,2019,65-74,Total,Total,1446
16,2019-04-26,2019,65-74,Total,Total,1730
17,2019-05-03,2019,65-74,Total,Total,1869
18,2019-05-10,2019,65-74,Total,Total,1513
19,2019-05-17,2019,65-74,Total,Total,1650
20,2019-05-24,2019,65-74,Total,Total,1765
21,2019-05-31,2019,65-74,Total,Total,1382
22,2019-06-07,2019,65-74,Total,Total,1741
23,2019-06-14,2019,65-74,Total,Total,1658
24,2019-06-21,2019,65-74,Total,Total,1625
25,2019-06-28,2019,65-74,Total,Total,1605
26,2019-07-05,2019,65-74,Total,Total,1561
27,2019-07-12,2019,65-74,Total,Total,1564
28,2019-07-19,2019,65-74,Total,Total,1500
29,2019-07-26,2019,65-74,Total,Total,1598
30,2019-08-02,2019,65-74,Total,Total,1597
31,2019-08-09,2019,65-74,Total,Total,1578
32,2019-08-16,2019,65-74,Total,Total,1573
33,2019-08-23,2019,65-74,Total,Total,1582
34,2019-08-30,2019,65-74,Total,Total,1419
35,2019-09-06,2019,65-74,Total,Total,1643
36,2019-09-13,2019,65-74,Total,Total,1617
37,2019-09-20,2019,65-74,Total,Total,1592
38,2019-09-27,2019,65-74,Total,Total,1547
39,2019-10-04,2019,65-74,Total,Total,1665
40,2019-10-11,2019,65-74,Total,Total,1595
41,2019-10-18,2019,65-74,Total,Total,1628
42,2019-10-25,2019,65-74,Total,Total,1663
43,2019-11-01,2019,65-74,Total,Total,1663
44,2019-11-08,2019,65-74,Total,Total,1676
45,2019-11-15,2019,65-74,Total,Total,1673
46,2019-11-22,2019,65-74,Total,Total,1743
47,2019-11-29,2019,65-74,Total,Total,1751
48,2019-12-06,2019,65-74,Total,Total,1689
49,2019-12-13,2019,65-74,Total,Total,1793
50,2019-12-20,2019,65-74,Total,Total,1903
51,2019-12-27,2019,65-74,Total,Total,1185
0,2019-01-04,2019,75-84,Total,Total,3078
1,2019-01-11,2019,75-84,Total,Total,3590
2,2019-01-18,2019,75-84,Total,Total,3414
3,2019-01-25,2019,75-84,Total,Total,3266
4,2019-02-01,2019,75-84,Total,Total,3126
5,2019-02-08,2019,75-84,Total,Total,3251
6,2019-02-15,2019,75-84,Total,Total,3392
7,2019-02-22,2019,75-84,Total,Total,3169
8,2019-03-01,2019,75-84,Total,Total,3117
9,2019-03-08,2019,75-84,Total,Total,3042
10,2019-03-15,2019,75-84,Total,Total,2933
11,2019-03-22,2019,75-84,Total,Total,2948
12,2019-03-29,2019,75-84,Total,Total,2794
13,2019-04-05,2019,75-84,Total,Total,2937
14,2019-04-12,2019,75-84,Total,Total,2907
15,2019-04-19,2019,75-84,Total,Total,2547
16,2019-04-26,2019,75-84,Total,Total,2811
17,2019-05-03,2019,75-84,Total,Total,3207
18,2019-05-10,2019,75-84,Total,Total,2579
19,2019-05-17,2019,75-84,Total,Total,2864
20,2019-05-24,2019,75-84,Total,Total,2946
21,2019-05-31,2019,75-84,Total,Total,2403
22,2019-06-07,2019,75-84,Total,Total,2846
23,2019-06-14,2019,75-84,Total,Total,2672
24,2019-06-21,2019,75-84,Total,Total,2711
25,2019-06-28,2019,75-84,Total,Total,2692
26,2019-07-05,2019,75-84,Total,Total,2650
27,2019-07-12,2019,75-84,Total,Total,2616
28,2019-07-19,2019,75-84,Total,Total,2610
29,2019-07-26,2019,75-84,Total,Total,2580
30,2019-08-02,2019,75-84,Total,Total,2664
31,2019-08-09,2019,75-84,Total,Total,2575
32,2019-08-16,2019,75-84,Total,Total,2530
33,2019-08-23,2019,75-84,Total,Total,2479
34,2019-08-30,2019,75-84,Total,Total,2319
35,2019-09-06,2019,75-84,Total,Total,2775
36,2019-09-13,2019,75-84,Total,Total,2654
37,2019-09-20,2019,75-84,Total,Total,2695
38,2019-09-27,2019,75-84,Total,Total,2760
39,2019-10-04,2019,75-84,Total,Total,2780
40,2019-10-11,2019,75-84,Total,Total,2869
41,2019-10-18,2019,75-84,Total,Total,2920
42,2019-10-25,2019,75-84,Total,Total,2799
43,2019-11-01,2019,75-84,Total,Total,2938
44,2019-11-08,2019,75-84,Total,Total,2998
45,2019-11-15,2019,75-84,Total,Total,3070
46,2019-11-22,2019,75-84,Total,Total,3163
47,2019-11-29,2019,75-84,Total,Total,3142
48,2019-12-06,2019,75-84,Total,Total,3078
49,2019-12-13,2019,75-84,Total,Total,3215
50,2019-12-20,2019,75-84,Total,Total,3299
51,2019-12-27,2019,75-84,Total,Total,2231
0,2019-01-04,2019,85+,Total,Total,4639
1,2019-01-11,2019,85+,Total,Total,5071
2,2019-01-18,2019,85+,Total,Total,4662
3,2019-01-25,2019,85+,Total,Total,4697
4,2019-02-01,2019,85+,Total,Total,4573
5,2019-02-08,2019,85+,Total,Total,4721
6,2019-02-15,2019,85+,Total,Total,4778
7,2019-02-22,2019,85+,Total,Total,4542
8,2019-03-01,2019,85+,Total,Total,4477
9,2019-03-08,2019,85+,Total,Total,4293
10,2019-03-15,2019,85+,Total,Total,4225
11,2019-03-22,2019,85+,Total,Total,4126
12,2019-03-29,2019,85+,Total,Total,3857
13,2019-04-05,2019,85+,Total,Total,3993
14,2019-04-12,2019,85+,Total,Total,4049
15,2019-04-19,2019,85+,Total,Total,3612
16,2019-04-26,2019,85+,Total,Total,3986
17,2019-05-03,2019,85+,Total,Total,4436
18,2019-05-10,2019,85+,Total,Total,3534
19,2019-05-17,2019,85+,Total,Total,4122
20,2019-05-24,2019,85+,Total,Total,3930
21,2019-05-31,2019,85+,Total,Total,3184
22,2019-06-07,2019,85+,Total,Total,3958
23,2019-06-14,2019,85+,Total,Total,3604
24,2019-06-21,2019,85+,Total,Total,3627
25,2019-06-28,2019,85+,Total,Total,3667
26,2019-07-05,2019,85+,Total,Total,3425
27,2019-07-12,2019,85+,Total,Total,3540
28,2019-07-19,2019,85+,Total,Total,3496
29,2019-07-26,2019,85+,Total,Total,3479
30,2019-08-02,2019,85+,Total,Total,3554
31,2019-08-09,2019,85+,Total,Total,3560
32,2019-08-16,2019,85+,Total,Total,3391
33,2019-08-23,2019,85+,Total,Total,3487
34,2019-08-30,2019,85+,Total,Total,3193
35,2019-09-06,2019,85+,Total,Total,3737
36,2019-09-13,2019,85+,Total,Total,3704
37,2019-09-20,2019,85+,Total,Total,3652
38,2019-09-27,2019,85+,Total,Total,3675
39,2019-10-04,2019,85+,Total,Total,3757
40,2019-10-11,2019,85+,Total,Total,4008
41,2019-10-18,2019,85+,Total,Total,4083
42,2019-10-25,2019,85+,Total,Total,4017
43,2019-11-01,2019,85+,Total,Total,4014
44,2019-11-08,2019,85+,Total,Total,4414
45,2019-11-15,2019,85+,Total,Total,4317
46,2019-11-22,2019,85+,Total,Total,4392
47,2019-11-29,2019,85+,Total,Total,4446
48,2019-12-06,2019,85+,Total,Total,4392
49,2019-12-13,2019,85+,Total,Total,4468
50,2019-12-20,2019,85+,Total,Total,4968
51,2019-12-27,2019,85+,Total,Total,3149
0,2019-01-04,2019,Under 1 year,Total,Total,28
1,2019-01-11,2019,Under 1 year,Total,Total,20
2,2019-01-18,2019,Under 1 year,Total,Total,39
3,2019-01-25,2019,Under 1 year,Total,Total,26
4,2019-02-01,2019,Under 1 year,Total,Total,38
5,2019-02-08,2019,Under 1 year,Total,Total,36
6,2019-02-15,2019,Under 1 year,Total,Total,27
7,2019-02-22,2019,Under 1 year,Total,Total,30
8,2019-03-01,2019,Under 1 year,Total,Total,24
9,2019-03-08,2019,Under 1 year,Total,Total,32
10,2019-03-15,2019,Under 1 year,Total,Total,30
11,2019-03-22,2019,Under 1 year,Total,Total,29
12,2019-03-29,2019,Under 1 year,Total,Total,26
13,2019-04-05,2019,Under 1 year,Total,Total,21
14,2019-04-12,2019,Under 1 year,Total,Total,31
15,2019-04-19,2019,Under 1 year,Total,Total,24
16,2019-04-26,2019,Under 1 year,Total,Total,16
17,2019-05-03,2019,Under 1 year,Total,Total,26
18,2019-05-10,2019,Under 1 year,Total,Total,34
19,2019-05-17,2019,Under 1 year,Total,Total,24
20,2019-05-24,2019,Under 1 year,Total,Total,29
21,2019-05-31,2019,Under 1 year,Total,Total,22
22,2019-06-07,2019,Under 1 year,Total,Total,26
23,2019-06-14,2019,Under 1 year,Total,Total,22
24,2019-06-21,2019,Under 1 year,Total,Total,25
25,2019-06-28,2019,Under 1 year,Total,Total,22
26,2019-07-05,2019,Under 1 year,Total,Total,24
27,2019-07-12,2019,Under 1 year,Total,Total,23
28,2019-07-19,2019,Under 1 year,Total,Total,31
29,2019-07-26,2019,Under 1 year,Total,Total,36
30,2019-08-02,2019,Under 1 year,Total,Total,30
31,2019-08-09,2019,Under 1 year,Total,Total,26
32,2019-08-16,2019,Under 1 year,Total,Total,28
33,2019-08-23,2019,Under 1 year,Total,Total,31
34,2019-08-30,2019,Under 1 year,Total,Total,23
35,2019-09-06,2019,Under 1 year,Total,Total,29
36,2019-09-13,2019,Under 1 year,Total,Total,31
37,2019-09-20,2019,Under 1 year,Total,Total,23
38,2019-09-27,2019,Under 1 year,Total,Total,28
39,2019-10-04,2019,Under 1 year,Total,Total,37
40,2019-10-11,2019,Under 1 year,Total,Total,26
41,2019-10-18,2019,Under 1 year,Total,Total,32
42,2019-10-25,2019,Under 1 year,Total,Total,23
43,2019-11-01,2019,Under 1 year,Total,Total,27
44,2019-11-08,2019,Under 1 year,Total,Total,29
45,2019-11-15,2019,Under 1 year,Total,Total,19
46,2019-11-22,2019,Under 1 year,Total,Total,32
47,2019-11-29,2019,Under 1 year,Total,Total,35
48,2019-12-06,2019,Under 1 year,Total,Total,32
49,2019-12-13,2019,Under 1 year,Total,Total,29
50,2019-12-20,2019,Under 1 year,Total,Total,25
51,2019-12-27,2019,Under 1 year,Total,Total,20
0,2019-01-04,2019,01-14,Total,Total,5
1,2019-01-11,2019,01-14,Total,Total,13
2,2019-01-18,2019,01-14,Total,Total,14
3,2019-01-25,2019,01-14,Total,Total,10
4,2019-02-01,2019,01-14,Total,Total,10
5,2019-02-08,2019,01-14,Total,Total,17
6,2019-02-15,2019,01-14,Total,Total,8
7,2019-02-22,2019,01-14,Total,Total,16
8,2019-03-01,2019,01-14,Total,Total,10
9,2019-03-08,2019,01-14,Total,Total,10
10,2019-03-15,2019,01-14,Total,Total,11
11,2019-03-22,2019,01-14,Total,Total,9
12,2019-03-29,2019,01-14,Total,Total,8
13,2019-04-05,2019,01-14,Total,Total,8
14,2019-04-12,2019,01-14,Total,Total,14
15,2019-04-19,2019,01-14,Total,Total,11
16,2019-04-26,2019,01-14,Total,Total,9
17,2019-05-03,2019,01-14,Total,Total,14
18,2019-05-10,2019,01-14,Total,Total,9
19,2019-05-17,2019,01-14,Total,Total,7
20,2019-05-24,2019,01-14,Total,Total,12
21,2019-05-31,2019,01-14,Total,Total,11
22,2019-06-07,2019,01-14,Total,Total,9
23,2019-06-14,2019,01-14,Total,Total,11
24,2019-06-21,2019,01-14,Total,Total,11
25,2019-06-28,2019,01-14,Total,Total,9
26,2019-07-05,2019,01-14,Total,Total,17
27,2019-07-12,2019,01-14,Total,Total,7
28,2019-07-19,2019,01-14,Total,Total,10
29,2019-07-26,2019,01-14,Total,Total,7
30,2019-08-02,2019,01-14,Total,Total,6
31,2019-08-09,2019,01-14,Total,Total,9
32,2019-08-16,2019,01-14,Total,Total,13
33,2019-08-23,2019,01-14,Total,Total,4
34,2019-08-30,2019,01-14,Total,Total,10
35,2019-09-06,2019,01-14,Total,Total,9
36,2019-09-13,2019,01-14,Total,Total,3
37,2019-09-20,2019,01-14,Total,Total,11
38,2019-09-27,2019,01-14,Total,Total,8
39,2019-10-04,2019,01-14,Total,Total,7
40,2019-10-11,2019,01-14,Total,Total,10
41,2019-10-18,2019,01-14,Total,Total,10
42,2019-10-25,2019,01-14,Total,Total,6
43,2019-11-01,2019,01-14,Total,Total,9
44,2019-11-08,2019,01-14,Total,Total,3
45,2019-11-15,2019,01-14,Total,Total,9
46,2019-11-22,2019,01-14,Total,Total,9
47,2019-11-29,2019,01-14,Total,Total,10
48,2019-12-06,2019,01-14,Total,Total,11
49,2019-12-13,2019,01-14,Total,Total,16
50,2019-12-20,2019,01-14,Total,Total,9
51,2019-12-27,2019,01-14,Total,Total,6
0,2019-01-04,2019,15-44,Total,Total,128
1,2019-01-11,2019,15-44,Total,Total,168
2,2019-01-18,2019,15-44,Total,Total,211
3,2019-01-25,2019,15-44,Total,Total,225
4,2019-02-01,2019,15-44,Total,Total,208
5,2019-02-08,2019,15-44,Total,Total,152
6,2019-02-15,2019,15-44,Total,Total,201
7,2019-02-22,2019,15-44,Total,Total,159
8,2019-03-01,2019,15-44,Total,Total,182
9,2019-03-08,2019,15-44,Total,Total,197
10,2019-03-15,2019,15-44,Total,Total,194
11,2019-03-22,2019,15-44,Total,Total,200
12,2019-03-29,2019,15-44,Total,Total,205
13,2019-04-05,2019,15-44,Total,Total,184
14,2019-04-12,2019,15-44,Total,Total,194
15,2019-04-19,2019,15-44,Total,Total,146
16,2019-04-26,2019,15-44,Total,Total,171
17,2019-05-03,2019,15-44,Total,Total,207
18,2019-05-10,2019,15-44,Total,Total,159
19,2019-05-17,2019,15-44,Total,Total,192
20,2019-05-24,2019,15-44,Total,Total,193
21,2019-05-31,2019,15-44,Total,Total,147
22,2019-06-07,2019,15-44,Total,Total,199
23,2019-06-14,2019,15-44,Total,Total,198
24,2019-06-21,2019,15-44,Total,Total,196
25,2019-06-28,2019,15-44,Total,Total,186
26,2019-07-05,2019,15-44,Total,Total,170
27,2019-07-12,2019,15-44,Total,Total,174
28,2019-07-19,2019,15-44,Total,Total,180
29,2019-07-26,2019,15-44,Total,Total,165
30,2019-08-02,2019,15-44,Total,Total,164
31,2019-08-09,2019,15-44,Total,Total,156
32,2019-08-16,2019,15-44,Total,Total,197
33,2019-08-23,2019,15-44,Total,Total,169
34,2019-08-30,2019,15-44,Total,Total,138
35,2019-09-06,2019,15-44,Total,Total,183
36,2019-09-13,2019,15-44,Total,Total,178
37,2019-09-20,2019,15-44,Total,Total,165
38,2019-09-27,2019,15-44,Total,Total,174
39,2019-10-04,2019,15-44,Total,Total,218
40,2019-10-11,2019,15-44,Total,Total,208
41,2019-10-18,2019,15-44,Total,Total,193
42,2019-10-25,2019,15-44,Total,Total,186
43,2019-11-01,2019,15-44,Total,Total,176
44,2019-11-08,2019,15-44,Total,Total,199
45,2019-11-15,2019,15-44,Total,Total,172
46,2019-11-22,2019,15-44,Total,Total,168
47,2019-11-29,2019,15-44,Total,Total,209
48,2019-12-06,2019,15-44,Total,Total,204
49,2019-12-13,2019,15-44,Total,Total,187
50,2019-12-20,2019,15-44,Total,Total,229
51,2019-12-27,2019,15-44,Total,Total,85
0,2019-01-04,2019,45-64,Total,Total,693
1,2019-01-11,2019,45-64,Total,Total,852
2,2019-01-18,2019,45-64,Total,Total,831
3,2019-01-25,2019,45-64,Total,Total,860
4,2019-02-01,2019,45-64,Total,Total,805
5,2019-02-08,2019,45-64,Total,Total,869
6,2019-02-15,2019,45-64,Total,Total,799
7,2019-02-22,2019,45-64,Total,Total,850
8,2019-03-01,2019,45-64,Total,Total,745
9,2019-03-08,2019,45-64,Total,Total,839
10,2019-03-15,2019,45-64,Total,Total,788
11,2019-03-22,2019,45-64,Total,Total,774
12,2019-03-29,2019,45-64,Total,Total,728
13,2019-04-05,2019,45-64,Total,Total,725
14,2019-04-12,2019,45-64,Total,Total,783
15,2019-04-19,2019,45-64,Total,Total,644
16,2019-04-26,2019,45-64,Total,Total,724
17,2019-05-03,2019,45-64,Total,Total,821
18,2019-05-10,2019,45-64,Total,Total,624
19,2019-05-17,2019,45-64,Total,Total,795
20,2019-05-24,2019,45-64,Total,Total,751
21,2019-05-31,2019,45-64,Total,Total,565
22,2019-06-07,2019,45-64,Total,Total,757
23,2019-06-14,2019,45-64,Total,Total,673
24,2019-06-21,2019,45-64,Total,Total,714
25,2019-06-28,2019,45-64,Total,Total,738
26,2019-07-05,2019,45-64,Total,Total,637
27,2019-07-12,2019,45-64,Total,Total,698
28,2019-07-19,2019,45-64,Total,Total,683
29,2019-07-26,2019,45-64,Total,Total,660
30,2019-08-02,2019,45-64,Total,Total,702
31,2019-08-09,2019,45-64,Total,Total,662
32,2019-08-16,2019,45-64,Total,Total,743
33,2019-08-23,2019,45-64,Total,Total,681
34,2019-08-30,2019,45-64,Total,Total,629
35,2019-09-06,2019,45-64,Total,Total,715
36,2019-09-13,2019,45-64,Total,Total,709
37,2019-09-20,2019,45-64,Total,Total,716
38,2019-09-27,2019,45-64,Total,Total,704
39,2019-10-04,2019,45-64,Total,Total,705
40,2019-10-11,2019,45-64,Total,Total,686
41,2019-10-18,2019,45-64,Total,Total,676
42,2019-10-25,2019,45-64,Total,Total,699
43,2019-11-01,2019,45-64,Total,Total,682
44,2019-11-08,2019,45-64,Total,Total,738
45,2019-11-15,2019,45-64,Total,Total,739
46,2019-11-22,2019,45-64,Total,Total,724
47,2019-11-29,2019,45-64,Total,Total,739
48,2019-12-06,2019,45-64,Total,Total,756
49,2019-12-13,2019,45-64,Total,Total,746
50,2019-12-20,2019,45-64,Total,Total,768
51,2019-12-27,2019,45-64,Total,Total,448
0,2019-01-04,2019,65-74,Total,Total,992
1,2019-01-11,2019,65-74,Total,Total,1265
2,2019-01-18,2019,65-74,Total,Total,1131
3,2019-01-25,2019,65-74,Total,Total,1154
4,2019-02-01,2019,65-74,Total,Total,1045
5,2019-02-08,2019,65-74,Total,Total,1100
6,2019-02-15,2019,65-74,Total,Total,1117
7,2019-02-22,2019,65-74,Total,Total,1088
8,2019-03-01,2019,65-74,Total,Total,1059
9,2019-03-08,2019,65-74,Total,Total,1112
10,2019-03-15,2019,65-74,Total,Total,1043
11,2019-03-22,2019,65-74,Total,Total,965
12,2019-03-29,2019,65-74,Total,Total,978
13,2019-04-05,2019,65-74,Total,Total,930
14,2019-04-12,2019,65-74,Total,Total,995
15,2019-04-19,2019,65-74,Total,Total,852
16,2019-04-26,2019,65-74,Total,Total,970
17,2019-05-03,2019,65-74,Total,Total,1089
18,2019-05-10,2019,65-74,Total,Total,868
19,2019-05-17,2019,65-74,Total,Total,977
20,2019-05-24,2019,65-74,Total,Total,1044
21,2019-05-31,2019,65-74,Total,Total,784
22,2019-06-07,2019,65-74,Total,Total,1015
23,2019-06-14,2019,65-74,Total,Total,963
24,2019-06-21,2019,65-74,Total,Total,963
25,2019-06-28,2019,65-74,Total,Total,969
26,2019-07-05,2019,65-74,Total,Total,910
27,2019-07-12,2019,65-74,Total,Total,900
28,2019-07-19,2019,65-74,Total,Total,863
29,2019-07-26,2019,65-74,Total,Total,951
30,2019-08-02,2019,65-74,Total,Total,921
31,2019-08-09,2019,65-74,Total,Total,938
32,2019-08-16,2019,65-74,Total,Total,927
33,2019-08-23,2019,65-74,Total,Total,942
34,2019-08-30,2019,65-74,Total,Total,846
35,2019-09-06,2019,65-74,Total,Total,955
36,2019-09-13,2019,65-74,Total,Total,946
37,2019-09-20,2019,65-74,Total,Total,918
38,2019-09-27,2019,65-74,Total,Total,922
39,2019-10-04,2019,65-74,Total,Total,950
40,2019-10-11,2019,65-74,Total,Total,966
41,2019-10-18,2019,65-74,Total,Total,937
42,2019-10-25,2019,65-74,Total,Total,963
43,2019-11-01,2019,65-74,Total,Total,980
44,2019-11-08,2019,65-74,Total,Total,991
45,2019-11-15,2019,65-74,Total,Total,980
46,2019-11-22,2019,65-74,Total,Total,1042
47,2019-11-29,2019,65-74,Total,Total,1008
48,2019-12-06,2019,65-74,Total,Total,985
49,2019-12-13,2019,65-74,Total,Total,1028
50,2019-12-20,2019,65-74,Total,Total,1095
51,2019-12-27,2019,65-74,Total,Total,666
0,2019-01-04,2019,75-84,Total,Total,1590
1,2019-01-11,2019,75-84,Total,Total,1857
2,2019-01-18,2019,75-84,Total,Total,1837
3,2019-01-25,2019,75-84,Total,Total,1766
4,2019-02-01,2019,75-84,Total,Total,1664
5,2019-02-08,2019,75-84,Total,Total,1718
6,2019-02-15,2019,75-84,Total,Total,1776
7,2019-02-22,2019,75-84,Total,Total,1696
8,2019-03-01,2019,75-84,Total,Total,1656
9,2019-03-08,2019,75-84,Total,Total,1664
10,2019-03-15,2019,75-84,Total,Total,1531
11,2019-03-22,2019,75-84,Total,Total,1596
12,2019-03-29,2019,75-84,Total,Total,1470
13,2019-04-05,2019,75-84,Total,Total,1589
14,2019-04-12,2019,75-84,Total,Total,1543
15,2019-04-19,2019,75-84,Total,Total,1420
16,2019-04-26,2019,75-84,Total,Total,1543
17,2019-05-03,2019,75-84,Total,Total,1709
18,2019-05-10,2019,75-84,Total,Total,1362
19,2019-05-17,2019,75-84,Total,Total,1528
20,2019-05-24,2019,75-84,Total,Total,1564
21,2019-05-31,2019,75-84,Total,Total,1247
22,2019-06-07,2019,75-84,Total,Total,1599
23,2019-06-14,2019,75-84,Total,Total,1464
24,2019-06-21,2019,75-84,Total,Total,1480
25,2019-06-28,2019,75-84,Total,Total,1509
26,2019-07-05,2019,75-84,Total,Total,1420
27,2019-07-12,2019,75-84,Total,Total,1394
28,2019-07-19,2019,75-84,Total,Total,1380
29,2019-07-26,2019,75-84,Total,Total,1374
30,2019-08-02,2019,75-84,Total,Total,1445
31,2019-08-09,2019,75-84,Total,Total,1410
32,2019-08-16,2019,75-84,Total,Total,1371
33,2019-08-23,2019,75-84,Total,Total,1357
34,2019-08-30,2019,75-84,Total,Total,1240
35,2019-09-06,2019,75-84,Total,Total,1487
36,2019-09-13,2019,75-84,Total,Total,1421
37,2019-09-20,2019,75-84,Total,Total,1412
38,2019-09-27,2019,75-84,Total,Total,1514
39,2019-10-04,2019,75-84,Total,Total,1489
40,2019-10-11,2019,75-84,Total,Total,1525
41,2019-10-18,2019,75-84,Total,Total,1551
42,2019-10-25,2019,75-84,Total,Total,1550
43,2019-11-01,2019,75-84,Total,Total,1501
44,2019-11-08,2019,75-84,Total,Total,1616
45,2019-11-15,2019,75-84,Total,Total,1635
46,2019-11-22,2019,75-84,Total,Total,1724
47,2019-11-29,2019,75-84,Total,Total,1746
48,2019-12-06,2019,75-84,Total,Total,1639
49,2019-12-13,2019,75-84,Total,Total,1711
50,2019-12-20,2019,75-84,Total,Total,1733
51,2019-12-27,2019,75-84,Total,Total,1123
0,2019-01-04,2019,85+,Total,Total,1758
1,2019-01-11,2019,85+,Total,Total,1997
2,2019-01-18,2019,85+,Total,Total,1828
3,2019-01-25,2019,85+,Total,Total,1862
4,2019-02-01,2019,85+,Total,Total,1834
5,2019-02-08,2019,85+,Total,Total,1895
6,2019-02-15,2019,85+,Total,Total,1932
7,2019-02-22,2019,85+,Total,Total,1804
8,2019-03-01,2019,85+,Total,Total,1787
9,2019-03-08,2019,85+,Total,Total,1689
10,2019-03-15,2019,85+,Total,Total,1633
11,2019-03-22,2019,85+,Total,Total,1630
12,2019-03-29,2019,85+,Total,Total,1501
13,2019-04-05,2019,85+,Total,Total,1592
14,2019-04-12,2019,85+,Total,Total,1629
15,2019-04-19,2019,85+,Total,Total,1430
16,2019-04-26,2019,85+,Total,Total,1588
17,2019-05-03,2019,85+,Total,Total,1725
18,2019-05-10,2019,85+,Total,Total,1411
19,2019-05-17,2019,85+,Total,Total,1685
20,2019-05-24,2019,85+,Total,Total,1532
21,2019-05-31,2019,85+,Total,Total,1287
22,2019-06-07,2019,85+,Total,Total,1614
23,2019-06-14,2019,85+,Total,Total,1442
24,2019-06-21,2019,85+,Total,Total,1427
25,2019-06-28,2019,85+,Total,Total,1503
26,2019-07-05,2019,85+,Total,Total,1318
27,2019-07-12,2019,85+,Total,Total,1471
28,2019-07-19,2019,85+,Total,Total,1426
29,2019-07-26,2019,85+,Total,Total,1351
30,2019-08-02,2019,85+,Total,Total,1455
31,2019-08-09,2019,85+,Total,Total,1387
32,2019-08-16,2019,85+,Total,Total,1436
33,2019-08-23,2019,85+,Total,Total,1439
34,2019-08-30,2019,85+,Total,Total,1232
35,2019-09-06,2019,85+,Total,Total,1480
36,2019-09-13,2019,85+,Total,Total,1547
37,2019-09-20,2019,85+,Total,Total,1463
38,2019-09-27,2019,85+,Total,Total,1527
39,2019-10-04,2019,85+,Total,Total,1508
40,2019-10-11,2019,85+,Total,Total,1609
41,2019-10-18,2019,85+,Total,Total,1641
42,2019-10-25,2019,85+,Total,Total,1617
43,2019-11-01,2019,85+,Total,Total,1573
44,2019-11-08,2019,85+,Total,Total,1737
45,2019-11-15,2019,85+,Total,Total,1692
46,2019-11-22,2019,85+,Total,Total,1776
47,2019-11-29,2019,85+,Total,Total,1808
48,2019-12-06,2019,85+,Total,Total,1748
49,2019-12-13,2019,85+,Total,Total,1772
50,2019-12-20,2019,85+,Total,Total,1995
51,2019-12-27,2019,85+,Total,Total,1218
0,2019-01-04,2019,Under 1 year,Total,Total,15
1,2019-01-11,2019,Under 1 year,Total,Total,30
2,2019-01-18,2019,Under 1 year,Total,Total,20
3,2019-01-25,2019,Under 1 year,Total,Total,16
4,2019-02-01,2019,Under 1 year,Total,Total,19
5,2019-02-08,2019,Under 1 year,Total,Total,18
6,2019-02-15,2019,Under 1 year,Total,Total,22
7,2019-02-22,2019,Under 1 year,Total,Total,29
8,2019-03-01,2019,Under 1 year,Total,Total,28
9,2019-03-08,2019,Under 1 year,Total,Total,13
10,2019-03-15,2019,Under 1 year,Total,Total,27
11,2019-03-22,2019,Under 1 year,Total,Total,20
12,2019-03-29,2019,Under 1 year,Total,Total,19
13,2019-04-05,2019,Under 1 year,Total,Total,20
14,2019-04-12,2019,Under 1 year,Total,Total,16
15,2019-04-19,2019,Under 1 year,Total,Total,24
16,2019-04-26,2019,Under 1 year,Total,Total,18
17,2019-05-03,2019,Under 1 year,Total,Total,20
18,2019-05-10,2019,Under 1 year,Total,Total,22
19,2019-05-17,2019,Under 1 year,Total,Total,20
20,2019-05-24,2019,Under 1 year,Total,Total,22
21,2019-05-31,2019,Under 1 year,Total,Total,23
22,2019-06-07,2019,Under 1 year,Total,Total,22
23,2019-06-14,2019,Under 1 year,Total,Total,24
24,2019-06-21,2019,Under 1 year,Total,Total,21
25,2019-06-28,2019,Under 1 year,Total,Total,17
26,2019-07-05,2019,Under 1 year,Total,Total,9
27,2019-07-12,2019,Under 1 year,Total,Total,21
28,2019-07-19,2019,Under 1 year,Total,Total,14
29,2019-07-26,2019,Under 1 year,Total,Total,21
30,2019-08-02,2019,Under 1 year,Total,Total,27
31,2019-08-09,2019,Under 1 year,Total,Total,31
32,2019-08-16,2019,Under 1 year,Total,Total,26
33,2019-08-23,2019,Under 1 year,Total,Total,16
34,2019-08-30,2019,Under 1 year,Total,Total,22
35,2019-09-06,2019,Under 1 year,Total,Total,25
36,2019-09-13,2019,Under 1 year,Total,Total,29
37,2019-09-20,2019,Under 1 year,Total,Total,22
38,2019-09-27,2019,Under 1 year,Total,Total,27
39,2019-10-04,2019,Under 1 year,Total,Total,31
40,2019-10-11,2019,Under 1 year,Total,Total,20
41,2019-10-18,2019,Under 1 year,Total,Total,22
42,2019-10-25,2019,Under 1 year,Total,Total,26
43,2019-11-01,2019,Under 1 year,Total,Total,18
44,2019-11-08,2019,Under 1 year,Total,Total,23
45,2019-11-15,2019,Under 1 year,Total,Total,27
46,2019-11-22,2019,Under 1 year,Total,Total,25
47,2019-11-29,2019,Under 1 year,Total,Total,21
48,2019-12-06,2019,Under 1 year,Total,Total,18
49,2019-12-13,2019,Under 1 year,Total,Total,23
50,2019-12-20,2019,Under 1 year,Total,Total,28
51,2019-12-27,2019,Under 1 year,Total,Total,14
0,2019-01-04,2019,01-14,Total,Total,10
1,2019-01-11,2019,01-14,Total,Total,7
2,2019-01-18,2019,01-14,Total,Total,15
3,2019-01-25,2019,01-14,Total,Total,12
4,2019-02-01,2019,01-14,Total,Total,5
5,2019-02-08,2019,01-14,Total,Total,8
6,2019-02-15,2019,01-14,Total,Total,9
7,2019-02-22,2019,01-14,Total,Total,14
8,2019-03-01,2019,01-14,Total,Total,10
9,2019-03-08,2019,01-14,Total,Total,6
10,2019-03-15,2019,01-14,Total,Total,13
11,2019-03-22,2019,01-14,Total,Total,15
12,2019-03-29,2019,01-14,Total,Total,9
13,2019-04-05,2019,01-14,Total,Total,5
14,2019-04-12,2019,01-14,Total,Total,9
15,2019-04-19,2019,01-14,Total,Total,10
16,2019-04-26,2019,01-14,Total,Total,9
17,2019-05-03,2019,01-14,Total,Total,4
18,2019-05-10,2019,01-14,Total,Total,8
19,2019-05-17,2019,01-14,Total,Total,7
20,2019-05-24,2019,01-14,Total,Total,9
21,2019-05-31,2019,01-14,Total,Total,5
22,2019-06-07,2019,01-14,Total,Total,9
23,2019-06-14,2019,01-14,Total,Total,7
24,2019-06-21,2019,01-14,Total,Total,9
25,2019-06-28,2019,01-14,Total,Total,12
26,2019-07-05,2019,01-14,Total,Total,9
27,2019-07-12,2019,01-14,Total,Total,9
28,2019-07-19,2019,01-14,Total,Total,4
29,2019-07-26,2019,01-14,Total,Total,7
30,2019-08-02,2019,01-14,Total,Total,5
31,2019-08-09,2019,01-14,Total,Total,3
32,2019-08-16,2019,01-14,Total,Total,11
33,2019-08-23,2019,01-14,Total,Total,4
34,2019-08-30,2019,01-14,Total,Total,6
35,2019-09-06,2019,01-14,Total,Total,10
36,2019-09-13,2019,01-14,Total,Total,9
37,2019-09-20,2019,01-14,Total,Total,7
38,2019-09-27,2019,01-14,Total,Total,6
39,2019-10-04,2019,01-14,Total,Total,8
40,2019-10-11,2019,01-14,Total,Total,6
41,2019-10-18,2019,01-14,Total,Total,4
42,2019-10-25,2019,01-14,Total,Total,8
43,2019-11-01,2019,01-14,Total,Total,10
44,2019-11-08,2019,01-14,Total,Total,4
45,2019-11-15,2019,01-14,Total,Total,10
46,2019-11-22,2019,01-14,Total,Total,10
47,2019-11-29,2019,01-14,Total,Total,4
48,2019-12-06,2019,01-14,Total,Total,6
49,2019-12-13,2019,01-14,Total,Total,16
50,2019-12-20,2019,01-14,Total,Total,10
51,2019-12-27,2019,01-14,Total,Total,7
0,2019-01-04,2019,15-44,Total,Total,87
1,2019-01-11,2019,15-44,Total,Total,112
2,2019-01-18,2019,15-44,Total,Total,108
3,2019-01-25,2019,15-44,Total,Total,114
4,2019-02-01,2019,15-44,Total,Total,99
5,2019-02-08,2019,15-44,Total,Total,115
6,2019-02-15,2019,15-44,Total,Total,104
7,2019-02-22,2019,15-44,Total,Total,117
8,2019-03-01,2019,15-44,Total,Total,106
9,2019-03-08,2019,15-44,Total,Total,106
10,2019-03-15,2019,15-44,Total,Total,105
11,2019-03-22,2019,15-44,Total,Total,93
12,2019-03-29,2019,15-44,Total,Total,84
13,2019-04-05,2019,15-44,Total,Total,112
14,2019-04-12,2019,15-44,Total,Total,94
15,2019-04-19,2019,15-44,Total,Total,105
16,2019-04-26,2019,15-44,Total,Total,102
17,2019-05-03,2019,15-44,Total,Total,90
18,2019-05-10,2019,15-44,Total,Total,103
19,2019-05-17,2019,15-44,Total,Total,112
20,2019-05-24,2019,15-44,Total,Total,116
21,2019-05-31,2019,15-44,Total,Total,92
22,2019-06-07,2019,15-44,Total,Total,107
23,2019-06-14,2019,15-44,Total,Total,100
24,2019-06-21,2019,15-44,Total,Total,83
25,2019-06-28,2019,15-44,Total,Total,87
26,2019-07-05,2019,15-44,Total,Total,85
27,2019-07-12,2019,15-44,Total,Total,85
28,2019-07-19,2019,15-44,Total,Total,99
29,2019-07-26,2019,15-44,Total,Total,102
30,2019-08-02,2019,15-44,Total,Total,101
31,2019-08-09,2019,15-44,Total,Total,89
32,2019-08-16,2019,15-44,Total,Total,80
33,2019-08-23,2019,15-44,Total,Total,95
34,2019-08-30,2019,15-44,Total,Total,86
35,2019-09-06,2019,15-44,Total,Total,85
36,2019-09-13,2019,15-44,Total,Total,119
37,2019-09-20,2019,15-44,Total,Total,99
38,2019-09-27,2019,15-44,Total,Total,95
39,2019-10-04,2019,15-44,Total,Total,107
40,2019-10-11,2019,15-44,Total,Total,94
41,2019-10-18,2019,15-44,Total,Total,110
42,2019-10-25,2019,15-44,Total,Total,95
43,2019-11-01,2019,15-44,Total,Total,113
44,2019-11-08,2019,15-44,Total,Total,115
45,2019-11-15,2019,15-44,Total,Total,99
46,2019-11-22,2019,15-44,Total,Total,115
47,2019-11-29,2019,15-44,Total,Total,103
48,2019-12-06,2019,15-44,Total,Total,111
49,2019-12-13,2019,15-44,Total,Total,128
50,2019-12-20,2019,15-44,Total,Total,139
51,2019-12-27,2019,15-44,Total,Total,63
0,2019-01-04,2019,45-64,Total,Total,506
1,2019-01-11,2019,45-64,Total,Total,567
2,2019-01-18,2019,45-64,Total,Total,542
3,2019-01-25,2019,45-64,Total,Total,578
4,2019-02-01,2019,45-64,Total,Total,562
5,2019-02-08,2019,45-64,Total,Total,518
6,2019-02-15,2019,45-64,Total,Total,573
7,2019-02-22,2019,45-64,Total,Total,545
8,2019-03-01,2019,45-64,Total,Total,519
9,2019-03-08,2019,45-64,Total,Total,503
10,2019-03-15,2019,45-64,Total,Total,523
11,2019-03-22,2019,45-64,Total,Total,475
12,2019-03-29,2019,45-64,Total,Total,494
13,2019-04-05,2019,45-64,Total,Total,507
14,2019-04-12,2019,45-64,Total,Total,482
15,2019-04-19,2019,45-64,Total,Total,456
16,2019-04-26,2019,45-64,Total,Total,483
17,2019-05-03,2019,45-64,Total,Total,513
18,2019-05-10,2019,45-64,Total,Total,470
19,2019-05-17,2019,45-64,Total,Total,479
20,2019-05-24,2019,45-64,Total,Total,511
21,2019-05-31,2019,45-64,Total,Total,426
22,2019-06-07,2019,45-64,Total,Total,466
23,2019-06-14,2019,45-64,Total,Total,476
24,2019-06-21,2019,45-64,Total,Total,436
25,2019-06-28,2019,45-64,Total,Total,476
26,2019-07-05,2019,45-64,Total,Total,475
27,2019-07-12,2019,45-64,Total,Total,442
28,2019-07-19,2019,45-64,Total,Total,453
29,2019-07-26,2019,45-64,Total,Total,457
30,2019-08-02,2019,45-64,Total,Total,421
31,2019-08-09,2019,45-64,Total,Total,433
32,2019-08-16,2019,45-64,Total,Total,501
33,2019-08-23,2019,45-64,Total,Total,446
34,2019-08-30,2019,45-64,Total,Total,397
35,2019-09-06,2019,45-64,Total,Total,484
36,2019-09-13,2019,45-64,Total,Total,460
37,2019-09-20,2019,45-64,Total,Total,458
38,2019-09-27,2019,45-64,Total,Total,493
39,2019-10-04,2019,45-64,Total,Total,484
40,2019-10-11,2019,45-64,Total,Total,451
41,2019-10-18,2019,45-64,Total,Total,478
42,2019-10-25,2019,45-64,Total,Total,499
43,2019-11-01,2019,45-64,Total,Total,514
44,2019-11-08,2019,45-64,Total,Total,498
45,2019-11-15,2019,45-64,Total,Total,515
46,2019-11-22,2019,45-64,Total,Total,501
47,2019-11-29,2019,45-64,Total,Total,498
48,2019-12-06,2019,45-64,Total,Total,519
49,2019-12-13,2019,45-64,Total,Total,567
50,2019-12-20,2019,45-64,Total,Total,548
51,2019-12-27,2019,45-64,Total,Total,325
0,2019-01-04,2019,65-74,Total,Total,774
1,2019-01-11,2019,65-74,Total,Total,914
2,2019-01-18,2019,65-74,Total,Total,873
3,2019-01-25,2019,65-74,Total,Total,782
4,2019-02-01,2019,65-74,Total,Total,807
5,2019-02-08,2019,65-74,Total,Total,855
6,2019-02-15,2019,65-74,Total,Total,794
7,2019-02-22,2019,65-74,Total,Total,736
8,2019-03-01,2019,65-74,Total,Total,767
9,2019-03-08,2019,65-74,Total,Total,745
10,2019-03-15,2019,65-74,Total,Total,675
11,2019-03-22,2019,65-74,Total,Total,748
12,2019-03-29,2019,65-74,Total,Total,665
13,2019-04-05,2019,65-74,Total,Total,684
14,2019-04-12,2019,65-74,Total,Total,717
15,2019-04-19,2019,65-74,Total,Total,594
16,2019-04-26,2019,65-74,Total,Total,760
17,2019-05-03,2019,65-74,Total,Total,780
18,2019-05-10,2019,65-74,Total,Total,645
19,2019-05-17,2019,65-74,Total,Total,673
20,2019-05-24,2019,65-74,Total,Total,721
21,2019-05-31,2019,65-74,Total,Total,598
22,2019-06-07,2019,65-74,Total,Total,726
23,2019-06-14,2019,65-74,Total,Total,695
24,2019-06-21,2019,65-74,Total,Total,662
25,2019-06-28,2019,65-74,Total,Total,636
26,2019-07-05,2019,65-74,Total,Total,651
27,2019-07-12,2019,65-74,Total,Total,664
28,2019-07-19,2019,65-74,Total,Total,637
29,2019-07-26,2019,65-74,Total,Total,647
30,2019-08-02,2019,65-74,Total,Total,676
31,2019-08-09,2019,65-74,Total,Total,640
32,2019-08-16,2019,65-74,Total,Total,646
33,2019-08-23,2019,65-74,Total,Total,640
34,2019-08-30,2019,65-74,Total,Total,573
35,2019-09-06,2019,65-74,Total,Total,688
36,2019-09-13,2019,65-74,Total,Total,671
37,2019-09-20,2019,65-74,Total,Total,674
38,2019-09-27,2019,65-74,Total,Total,625
39,2019-10-04,2019,65-74,Total,Total,715
40,2019-10-11,2019,65-74,Total,Total,629
41,2019-10-18,2019,65-74,Total,Total,691
42,2019-10-25,2019,65-74,Total,Total,700
43,2019-11-01,2019,65-74,Total,Total,683
44,2019-11-08,2019,65-74,Total,Total,685
45,2019-11-15,2019,65-74,Total,Total,693
46,2019-11-22,2019,65-74,Total,Total,701
47,2019-11-29,2019,65-74,Total,Total,743
48,2019-12-06,2019,65-74,Total,Total,704
49,2019-12-13,2019,65-74,Total,Total,765
50,2019-12-20,2019,65-74,Total,Total,808
51,2019-12-27,2019,65-74,Total,Total,519
0,2019-01-04,2019,75-84,Total,Total,1488
1,2019-01-11,2019,75-84,Total,Total,1733
2,2019-01-18,2019,75-84,Total,Total,1577
3,2019-01-25,2019,75-84,Total,Total,1500
4,2019-02-01,2019,75-84,Total,Total,1462
5,2019-02-08,2019,75-84,Total,Total,1533
6,2019-02-15,2019,75-84,Total,Total,1616
7,2019-02-22,2019,75-84,Total,Total,1473
8,2019-03-01,2019,75-84,Total,Total,1461
9,2019-03-08,2019,75-84,Total,Total,1378
10,2019-03-15,2019,75-84,Total,Total,1402
11,2019-03-22,2019,75-84,Total,Total,1352
12,2019-03-29,2019,75-84,Total,Total,1324
13,2019-04-05,2019,75-84,Total,Total,1348
14,2019-04-12,2019,75-84,Total,Total,1364
15,2019-04-19,2019,75-84,Total,Total,1127
16,2019-04-26,2019,75-84,Total,Total,1268
17,2019-05-03,2019,75-84,Total,Total,1498
18,2019-05-10,2019,75-84,Total,Total,1217
19,2019-05-17,2019,75-84,Total,Total,1336
20,2019-05-24,2019,75-84,Total,Total,1382
21,2019-05-31,2019,75-84,Total,Total,1156
22,2019-06-07,2019,75-84,Total,Total,1247
23,2019-06-14,2019,75-84,Total,Total,1208
24,2019-06-21,2019,75-84,Total,Total,1231
25,2019-06-28,2019,75-84,Total,Total,1183
26,2019-07-05,2019,75-84,Total,Total,1230
27,2019-07-12,2019,75-84,Total,Total,1222
28,2019-07-19,2019,75-84,Total,Total,1230
29,2019-07-26,2019,75-84,Total,Total,1206
30,2019-08-02,2019,75-84,Total,Total,1219
31,2019-08-09,2019,75-84,Total,Total,1165
32,2019-08-16,2019,75-84,Total,Total,1159
33,2019-08-23,2019,75-84,Total,Total,1122
34,2019-08-30,2019,75-84,Total,Total,1079
35,2019-09-06,2019,75-84,Total,Total,1288
36,2019-09-13,2019,75-84,Total,Total,1233
37,2019-09-20,2019,75-84,Total,Total,1283
38,2019-09-27,2019,75-84,Total,Total,1246
39,2019-10-04,2019,75-84,Total,Total,1291
40,2019-10-11,2019,75-84,Total,Total,1344
41,2019-10-18,2019,75-84,Total,Total,1369
42,2019-10-25,2019,75-84,Total,Total,1249
43,2019-11-01,2019,75-84,Total,Total,1437
44,2019-11-08,2019,75-84,Total,Total,1382
45,2019-11-15,2019,75-84,Total,Total,1435
46,2019-11-22,2019,75-84,Total,Total,1439
47,2019-11-29,2019,75-84,Total,Total,1396
48,2019-12-06,2019,75-84,Total,Total,1439
49,2019-12-13,2019,75-84,Total,Total,1504
50,2019-12-20,2019,75-84,Total,Total,1566
51,2019-12-27,2019,75-84,Total,Total,1108
0,2019-01-04,2019,85+,Total,Total,2881
1,2019-01-11,2019,85+,Total,Total,3074
2,2019-01-18,2019,85+,Total,Total,2834
3,2019-01-25,2019,85+,Total,Total,2835
4,2019-02-01,2019,85+,Total,Total,2739
5,2019-02-08,2019,85+,Total,Total,2826
6,2019-02-15,2019,85+,Total,Total,2846
7,2019-02-22,2019,85+,Total,Total,2738
8,2019-03-01,2019,85+,Total,Total,2690
9,2019-03-08,2019,85+,Total,Total,2604
10,2019-03-15,2019,85+,Total,Total,2592
11,2019-03-22,2019,85+,Total,Total,2496
12,2019-03-29,2019,85+,Total,Total,2356
13,2019-04-05,2019,85+,Total,Total,2401
14,2019-04-12,2019,85+,Total,Total,2420
15,2019-04-19,2019,85+,Total,Total,2182
16,2019-04-26,2019,85+,Total,Total,2398
17,2019-05-03,2019,85+,Total,Total,2711
18,2019-05-10,2019,85+,Total,Total,2123
19,2019-05-17,2019,85+,Total,Total,2437
20,2019-05-24,2019,85+,Total,Total,2398
21,2019-05-31,2019,85+,Total,Total,1897
22,2019-06-07,2019,85+,Total,Total,2344
23,2019-06-14,2019,85+,Total,Total,2162
24,2019-06-21,2019,85+,Total,Total,2200
25,2019-06-28,2019,85+,Total,Total,2164
26,2019-07-05,2019,85+,Total,Total,2107
27,2019-07-12,2019,85+,Total,Total,2069
28,2019-07-19,2019,85+,Total,Total,2070
29,2019-07-26,2019,85+,Total,Total,2128
30,2019-08-02,2019,85+,Total,Total,2099
31,2019-08-09,2019,85+,Total,Total,2173
32,2019-08-16,2019,85+,Total,Total,1955
33,2019-08-23,2019,85+,Total,Total,2048
34,2019-08-30,2019,85+,Total,Total,1961
35,2019-09-06,2019,85+,Total,Total,2257
36,2019-09-13,2019,85+,Total,Total,2157
37,2019-09-20,2019,85+,Total,Total,2189
38,2019-09-27,2019,85+,Total,Total,2148
39,2019-10-04,2019,85+,Total,Total,2249
40,2019-10-11,2019,85+,Total,Total,2399
41,2019-10-18,2019,85+,Total,Total,2442
42,2019-10-25,2019,85+,Total,Total,2400
43,2019-11-01,2019,85+,Total,Total,2441
44,2019-11-08,2019,85+,Total,Total,2677
45,2019-11-15,2019,85+,Total,Total,2625
46,2019-11-22,2019,85+,Total,Total,2616
47,2019-11-29,2019,85+,Total,Total,2638
48,2019-12-06,2019,85+,Total,Total,2644
49,2019-12-13,2019,85+,Total,Total,2696
50,2019-12-20,2019,85+,Total,Total,2973
51,2019-12-27,2019,85+,Total,Total,1931
0,2019-01-04,2019,Total,Total,North East,574
1,2019-01-11,2019,Total,Total,North East,643
2,2019-01-18,2019,Total,Total,North East,627
3,2019-01-25,2019,Total,Total,North East,640
4,2019-02-01,2019,Total,Total,North East,618
5,2019-02-08,2019,Total,Total,North East,608
6,2019-02-15,2019,Total,Total,North East,569
7,2019-02-22,2019,Total,Total,North East,610
8,2019-03-01,2019,Total,Total,North East,572
9,2019-03-08,2019,Total,Total,North East,582
10,2019-03-15,2019,Total,Total,North East,527
11,2019-03-22,2019,Total,Total,North East,532
12,2019-03-29,2019,Total,Total,North East,529
13,2019-04-05,2019,Total,Total,North East,518
14,2019-04-12,2019,Total,Total,North East,510
15,2019-04-19,2019,Total,Total,North East,459
16,2019-04-26,2019,Total,Total,North East,551
17,2019-05-03,2019,Total,Total,North East,541
18,2019-05-10,2019,Total,Total,North East,484
19,2019-05-17,2019,Total,Total,North East,548
20,2019-05-24,2019,Total,Total,North East,530
21,2019-05-31,2019,Total,Total,North East,436
22,2019-06-07,2019,Total,Total,North East,554
23,2019-06-14,2019,Total,Total,North East,507
24,2019-06-21,2019,Total,Total,North East,478
25,2019-06-28,2019,Total,Total,North East,475
26,2019-07-05,2019,Total,Total,North East,437
27,2019-07-12,2019,Total,Total,North East,458
28,2019-07-19,2019,Total,Total,North East,478
29,2019-07-26,2019,Total,Total,North East,534
30,2019-08-02,2019,Total,Total,North East,536
31,2019-08-09,2019,Total,Total,North East,530
32,2019-08-16,2019,Total,Total,North East,497
33,2019-08-23,2019,Total,Total,North East,505
34,2019-08-30,2019,Total,Total,North East,466
35,2019-09-06,2019,Total,Total,North East,473
36,2019-09-13,2019,Total,Total,North East,482
37,2019-09-20,2019,Total,Total,North East,494
38,2019-09-27,2019,Total,Total,North East,538
39,2019-10-04,2019,Total,Total,North East,491
40,2019-10-11,2019,Total,Total,North East,527
41,2019-10-18,2019,Total,Total,North East,567
42,2019-10-25,2019,Total,Total,North East,540
43,2019-11-01,2019,Total,Total,North East,537
44,2019-11-08,2019,Total,Total,North East,553
45,2019-11-15,2019,Total,Total,North East,607
46,2019-11-22,2019,Total,Total,North East,582
47,2019-11-29,2019,Total,Total,North East,563
48,2019-12-06,2019,Total,Total,North East,558
49,2019-12-13,2019,Total,Total,North East,585
50,2019-12-20,2019,Total,Total,North East,670
51,2019-12-27,2019,Total,Total,North East,411
0,2019-01-04,2019,Total,Total,North West,1456
1,2019-01-11,2019,Total,Total,North West,1612
2,2019-01-18,2019,Total,Total,North West,1566
3,2019-01-25,2019,Total,Total,North West,1593
4,2019-02-01,2019,Total,Total,North West,1485
5,2019-02-08,2019,Total,Total,North West,1595
6,2019-02-15,2019,Total,Total,North West,1618
7,2019-02-22,2019,Total,Total,North West,1495
8,2019-03-01,2019,Total,Total,North West,1425
9,2019-03-08,2019,Total,Total,North West,1463
10,2019-03-15,2019,Total,Total,North West,1393
11,2019-03-22,2019,Total,Total,North West,1437
12,2019-03-29,2019,Total,Total,North West,1278
13,2019-04-05,2019,Total,Total,North West,1277
14,2019-04-12,2019,Total,Total,North West,1341
15,2019-04-19,2019,Total,Total,North West,1225
16,2019-04-26,2019,Total,Total,North West,1365
17,2019-05-03,2019,Total,Total,North West,1493
18,2019-05-10,2019,Total,Total,North West,1214
19,2019-05-17,2019,Total,Total,North West,1402
20,2019-05-24,2019,Total,Total,North West,1397
21,2019-05-31,2019,Total,Total,North West,1176
22,2019-06-07,2019,Total,Total,North West,1349
23,2019-06-14,2019,Total,Total,North West,1313
24,2019-06-21,2019,Total,Total,North West,1344
25,2019-06-28,2019,Total,Total,North West,1250
26,2019-07-05,2019,Total,Total,North West,1269
27,2019-07-12,2019,Total,Total,North West,1272
28,2019-07-19,2019,Total,Total,North West,1287
29,2019-07-26,2019,Total,Total,North West,1237
30,2019-08-02,2019,Total,Total,North West,1234
31,2019-08-09,2019,Total,Total,North West,1149
32,2019-08-16,2019,Total,Total,North West,1237
33,2019-08-23,2019,Total,Total,North West,1203
34,2019-08-30,2019,Total,Total,North West,1153
35,2019-09-06,2019,Total,Total,North West,1248
36,2019-09-13,2019,Total,Total,North West,1328
37,2019-09-20,2019,Total,Total,North West,1283
38,2019-09-27,2019,Total,Total,North West,1299
39,2019-10-04,2019,Total,Total,North West,1322
40,2019-10-11,2019,Total,Total,North West,1400
41,2019-10-18,2019,Total,Total,North West,1400
42,2019-10-25,2019,Total,Total,North West,1361
43,2019-11-01,2019,Total,Total,North West,1338
44,2019-11-08,2019,Total,Total,North West,1455
45,2019-11-15,2019,Total,Total,North West,1402
46,2019-11-22,2019,Total,Total,North West,1464
47,2019-11-29,2019,Total,Total,North West,1469
48,2019-12-06,2019,Total,Total,North West,1477
49,2019-12-13,2019,Total,Total,North West,1637
50,2019-12-20,2019,Total,Total,North West,1712
51,2019-12-27,2019,Total,Total,North West,1200
0,2019-01-04,2019,Total,Total,Yorkshire and The Humber,1148
1,2019-01-11,2019,Total,Total,Yorkshire and The Humber,1279
2,2019-01-18,2019,Total,Total,Yorkshire and The Humber,1197
3,2019-01-25,2019,Total,Total,Yorkshire and The Humber,1137
4,2019-02-01,2019,Total,Total,Yorkshire and The Humber,1131
5,2019-02-08,2019,Total,Total,Yorkshire and The Humber,1133
6,2019-02-15,2019,Total,Total,Yorkshire and The Humber,1189
7,2019-02-22,2019,Total,Total,Yorkshire and The Humber,1124
8,2019-03-01,2019,Total,Total,Yorkshire and The Humber,1109
9,2019-03-08,2019,Total,Total,Yorkshire and The Humber,1083
10,2019-03-15,2019,Total,Total,Yorkshire and The Humber,1054
11,2019-03-22,2019,Total,Total,Yorkshire and The Humber,1087
12,2019-03-29,2019,Total,Total,Yorkshire and The Humber,943
13,2019-04-05,2019,Total,Total,Yorkshire and The Humber,959
14,2019-04-12,2019,Total,Total,Yorkshire and The Humber,1034
15,2019-04-19,2019,Total,Total,Yorkshire and The Humber,910
16,2019-04-26,2019,Total,Total,Yorkshire and The Humber,996
17,2019-05-03,2019,Total,Total,Yorkshire and The Humber,1125
18,2019-05-10,2019,Total,Total,Yorkshire and The Humber,924
19,2019-05-17,2019,Total,Total,Yorkshire and The Humber,980
20,2019-05-24,2019,Total,Total,Yorkshire and The Humber,1024
21,2019-05-31,2019,Total,Total,Yorkshire and The Humber,782
22,2019-06-07,2019,Total,Total,Yorkshire and The Humber,1025
23,2019-06-14,2019,Total,Total,Yorkshire and The Humber,889
24,2019-06-21,2019,Total,Total,Yorkshire and The Humber,931
25,2019-06-28,2019,Total,Total,Yorkshire and The Humber,984
26,2019-07-05,2019,Total,Total,Yorkshire and The Humber,896
27,2019-07-12,2019,Total,Total,Yorkshire and The Humber,932
28,2019-07-19,2019,Total,Total,Yorkshire and The Humber,841
29,2019-07-26,2019,Total,Total,Yorkshire and The Humber,895
30,2019-08-02,2019,Total,Total,Yorkshire and The Humber,936
31,2019-08-09,2019,Total,Total,Yorkshire and The Humber,867
32,2019-08-16,2019,Total,Total,Yorkshire and The Humber,857
33,2019-08-23,2019,Total,Total,Yorkshire and The Humber,927
34,2019-08-30,2019,Total,Total,Yorkshire and The Humber,832
35,2019-09-06,2019,Total,Total,Yorkshire and The Humber,937
36,2019-09-13,2019,Total,Total,Yorkshire and The Humber,916
37,2019-09-20,2019,Total,Total,Yorkshire and The Humber,954
38,2019-09-27,2019,Total,Total,Yorkshire and The Humber,906
39,2019-10-04,2019,Total,Total,Yorkshire and The Humber,948
40,2019-10-11,2019,Total,Total,Yorkshire and The Humber,1005
41,2019-10-18,2019,Total,Total,Yorkshire and The Humber,1019
42,2019-10-25,2019,Total,Total,Yorkshire and The Humber,1001
43,2019-11-01,2019,Total,Total,Yorkshire and The Humber,1033
44,2019-11-08,2019,Total,Total,Yorkshire and The Humber,1053
45,2019-11-15,2019,Total,Total,Yorkshire and The Humber,1070
46,2019-11-22,2019,Total,Total,Yorkshire and The Humber,1039
47,2019-11-29,2019,Total,Total,Yorkshire and The Humber,1139
48,2019-12-06,2019,Total,Total,Yorkshire and The Humber,1011
49,2019-12-13,2019,Total,Total,Yorkshire and The Humber,1102
50,2019-12-20,2019,Total,Total,Yorkshire and The Humber,1173
51,2019-12-27,2019,Total,Total,Yorkshire and The Humber,737
0,2019-01-04,2019,Total,Total,East Midlands,964
1,2019-01-11,2019,Total,Total,East Midlands,1089
2,2019-01-18,2019,Total,Total,East Midlands,979
3,2019-01-25,2019,Total,Total,East Midlands,1037
4,2019-02-01,2019,Total,Total,East Midlands,963
5,2019-02-08,2019,Total,Total,East Midlands,988
6,2019-02-15,2019,Total,Total,East Midlands,1033
7,2019-02-22,2019,Total,Total,East Midlands,928
8,2019-03-01,2019,Total,Total,East Midlands,927
9,2019-03-08,2019,Total,Total,East Midlands,946
10,2019-03-15,2019,Total,Total,East Midlands,879
11,2019-03-22,2019,Total,Total,East Midlands,890
12,2019-03-29,2019,Total,Total,East Midlands,875
13,2019-04-05,2019,Total,Total,East Midlands,876
14,2019-04-12,2019,Total,Total,East Midlands,858
15,2019-04-19,2019,Total,Total,East Midlands,759
16,2019-04-26,2019,Total,Total,East Midlands,856
17,2019-05-03,2019,Total,Total,East Midlands,986
18,2019-05-10,2019,Total,Total,East Midlands,776
19,2019-05-17,2019,Total,Total,East Midlands,887
20,2019-05-24,2019,Total,Total,East Midlands,888
21,2019-05-31,2019,Total,Total,East Midlands,699
22,2019-06-07,2019,Total,Total,East Midlands,880
23,2019-06-14,2019,Total,Total,East Midlands,817
24,2019-06-21,2019,Total,Total,East Midlands,751
25,2019-06-28,2019,Total,Total,East Midlands,790
26,2019-07-05,2019,Total,Total,East Midlands,750
27,2019-07-12,2019,Total,Total,East Midlands,747
28,2019-07-19,2019,Total,Total,East Midlands,809
29,2019-07-26,2019,Total,Total,East Midlands,774
30,2019-08-02,2019,Total,Total,East Midlands,782
31,2019-08-09,2019,Total,Total,East Midlands,795
32,2019-08-16,2019,Total,Total,East Midlands,749
33,2019-08-23,2019,Total,Total,East Midlands,726
34,2019-08-30,2019,Total,Total,East Midlands,697
35,2019-09-06,2019,Total,Total,East Midlands,867
36,2019-09-13,2019,Total,Total,East Midlands,774
37,2019-09-20,2019,Total,Total,East Midlands,827
38,2019-09-27,2019,Total,Total,East Midlands,842
39,2019-10-04,2019,Total,Total,East Midlands,875
40,2019-10-11,2019,Total,Total,East Midlands,847
41,2019-10-18,2019,Total,Total,East Midlands,863
42,2019-10-25,2019,Total,Total,East Midlands,846
43,2019-11-01,2019,Total,Total,East Midlands,877
44,2019-11-08,2019,Total,Total,East Midlands,880
45,2019-11-15,2019,Total,Total,East Midlands,889
46,2019-11-22,2019,Total,Total,East Midlands,931
47,2019-11-29,2019,Total,Total,East Midlands,935
48,2019-12-06,2019,Total,Total,East Midlands,958
49,2019-12-13,2019,Total,Total,East Midlands,973
50,2019-12-20,2019,Total,Total,East Midlands,1050
51,2019-12-27,2019,Total,Total,East Midlands,729
0,2019-01-04,2019,Total,Total,West Midlands,1180
1,2019-01-11,2019,Total,Total,West Midlands,1299
2,2019-01-18,2019,Total,Total,West Midlands,1187
3,2019-01-25,2019,Total,Total,West Midlands,1131
4,2019-02-01,2019,Total,Total,West Midlands,1150
5,2019-02-08,2019,Total,Total,West Midlands,1241
6,2019-02-15,2019,Total,Total,West Midlands,1231
7,2019-02-22,2019,Total,Total,West Midlands,1143
8,2019-03-01,2019,Total,Total,West Midlands,1188
9,2019-03-08,2019,Total,Total,West Midlands,1150
10,2019-03-15,2019,Total,Total,West Midlands,1092
11,2019-03-22,2019,Total,Total,West Midlands,1062
12,2019-03-29,2019,Total,Total,West Midlands,930
13,2019-04-05,2019,Total,Total,West Midlands,1050
14,2019-04-12,2019,Total,Total,West Midlands,1084
15,2019-04-19,2019,Total,Total,West Midlands,928
16,2019-04-26,2019,Total,Total,West Midlands,1008
17,2019-05-03,2019,Total,Total,West Midlands,1136
18,2019-05-10,2019,Total,Total,West Midlands,906
19,2019-05-17,2019,Total,Total,West Midlands,1082
20,2019-05-24,2019,Total,Total,West Midlands,1070
21,2019-05-31,2019,Total,Total,West Midlands,840
22,2019-06-07,2019,Total,Total,West Midlands,1082
23,2019-06-14,2019,Total,Total,West Midlands,950
24,2019-06-21,2019,Total,Total,West Midlands,938
25,2019-06-28,2019,Total,Total,West Midlands,1013
26,2019-07-05,2019,Total,Total,West Midlands,940
27,2019-07-12,2019,Total,Total,West Midlands,949
28,2019-07-19,2019,Total,Total,West Midlands,962
29,2019-07-26,2019,Total,Total,West Midlands,882
30,2019-08-02,2019,Total,Total,West Midlands,929
31,2019-08-09,2019,Total,Total,West Midlands,953
32,2019-08-16,2019,Total,Total,West Midlands,969
33,2019-08-23,2019,Total,Total,West Midlands,918
34,2019-08-30,2019,Total,Total,West Midlands,826
35,2019-09-06,2019,Total,Total,West Midlands,939
36,2019-09-13,2019,Total,Total,West Midlands,1001
37,2019-09-20,2019,Total,Total,West Midlands,974
38,2019-09-27,2019,Total,Total,West Midlands,1027
39,2019-10-04,2019,Total,Total,West Midlands,1008
40,2019-10-11,2019,Total,Total,West Midlands,1027
41,2019-10-18,2019,Total,Total,West Midlands,1093
42,2019-10-25,2019,Total,Total,West Midlands,1019
43,2019-11-01,2019,Total,Total,West Midlands,967
44,2019-11-08,2019,Total,Total,West Midlands,1110
45,2019-11-15,2019,Total,Total,West Midlands,1080
46,2019-11-22,2019,Total,Total,West Midlands,1138
47,2019-11-29,2019,Total,Total,West Midlands,1184
48,2019-12-06,2019,Total,Total,West Midlands,1083
49,2019-12-13,2019,Total,Total,West Midlands,1130
50,2019-12-20,2019,Total,Total,West Midlands,1269
51,2019-12-27,2019,Total,Total,West Midlands,720
0,2019-01-04,2019,Total,Total,East,1136
1,2019-01-11,2019,Total,Total,East,1386
2,2019-01-18,2019,Total,Total,East,1344
3,2019-01-25,2019,Total,Total,East,1291
4,2019-02-01,2019,Total,Total,East,1202
5,2019-02-08,2019,Total,Total,East,1283
6,2019-02-15,2019,Total,Total,East,1342
7,2019-02-22,2019,Total,Total,East,1218
8,2019-03-01,2019,Total,Total,East,1214
9,2019-03-08,2019,Total,Total,East,1116
10,2019-03-15,2019,Total,Total,East,1198
11,2019-03-22,2019,Total,Total,East,1066
12,2019-03-29,2019,Total,Total,East,1136
13,2019-04-05,2019,Total,Total,East,1224
14,2019-04-12,2019,Total,Total,East,1188
15,2019-04-19,2019,Total,Total,East,1014
16,2019-04-26,2019,Total,Total,East,1084
17,2019-05-03,2019,Total,Total,East,1139
18,2019-05-10,2019,Total,Total,East,943
19,2019-05-17,2019,Total,Total,East,1112
20,2019-05-24,2019,Total,Total,East,1097
21,2019-05-31,2019,Total,Total,East,842
22,2019-06-07,2019,Total,Total,East,982
23,2019-06-14,2019,Total,Total,East,1012
24,2019-06-21,2019,Total,Total,East,1011
25,2019-06-28,2019,Total,Total,East,1028
26,2019-07-05,2019,Total,Total,East,981
27,2019-07-12,2019,Total,Total,East,995
28,2019-07-19,2019,Total,Total,East,994
29,2019-07-26,2019,Total,Total,East,1024
30,2019-08-02,2019,Total,Total,East,988
31,2019-08-09,2019,Total,Total,East,1026
32,2019-08-16,2019,Total,Total,East,933
33,2019-08-23,2019,Total,Total,East,964
34,2019-08-30,2019,Total,Total,East,838
35,2019-09-06,2019,Total,Total,East,1115
36,2019-09-13,2019,Total,Total,East,1088
37,2019-09-20,2019,Total,Total,East,1049
38,2019-09-27,2019,Total,Total,East,1014
39,2019-10-04,2019,Total,Total,East,1059
40,2019-10-11,2019,Total,Total,East,1073
41,2019-10-18,2019,Total,Total,East,1083
42,2019-10-25,2019,Total,Total,East,1063
43,2019-11-01,2019,Total,Total,East,1100
44,2019-11-08,2019,Total,Total,East,1181
45,2019-11-15,2019,Total,Total,East,1090
46,2019-11-22,2019,Total,Total,East,1166
47,2019-11-29,2019,Total,Total,East,1116
48,2019-12-06,2019,Total,Total,East,1184
49,2019-12-13,2019,Total,Total,East,1176
50,2019-12-20,2019,Total,Total,East,1238
51,2019-12-27,2019,Total,Total,East,716
0,2019-01-04,2019,Total,Total,London,1021
1,2019-01-11,2019,Total,Total,London,1137
2,2019-01-18,2019,Total,Total,London,1073
3,2019-01-25,2019,Total,Total,London,1045
4,2019-02-01,2019,Total,Total,London,1066
5,2019-02-08,2019,Total,Total,London,1088
6,2019-02-15,2019,Total,Total,London,1061
7,2019-02-22,2019,Total,Total,London,1045
8,2019-03-01,2019,Total,Total,London,1009
9,2019-03-08,2019,Total,Total,London,1004
10,2019-03-15,2019,Total,Total,London,975
11,2019-03-22,2019,Total,Total,London,925
12,2019-03-29,2019,Total,Total,London,910
13,2019-04-05,2019,Total,Total,London,928
14,2019-04-12,2019,Total,Total,London,937
15,2019-04-19,2019,Total,Total,London,834
16,2019-04-26,2019,Total,Total,London,951
17,2019-05-03,2019,Total,Total,London,1040
18,2019-05-10,2019,Total,Total,London,807
19,2019-05-17,2019,Total,Total,London,927
20,2019-05-24,2019,Total,Total,London,876
21,2019-05-31,2019,Total,Total,London,809
22,2019-06-07,2019,Total,Total,London,919
23,2019-06-14,2019,Total,Total,London,900
24,2019-06-21,2019,Total,Total,London,900
25,2019-06-28,2019,Total,Total,London,892
26,2019-07-05,2019,Total,Total,London,833
27,2019-07-12,2019,Total,Total,London,875
28,2019-07-19,2019,Total,Total,London,829
29,2019-07-26,2019,Total,Total,London,833
30,2019-08-02,2019,Total,Total,London,911
31,2019-08-09,2019,Total,Total,London,891
32,2019-08-16,2019,Total,Total,London,892
33,2019-08-23,2019,Total,Total,London,826
34,2019-08-30,2019,Total,Total,London,784
35,2019-09-06,2019,Total,Total,London,976
36,2019-09-13,2019,Total,Total,London,916
37,2019-09-20,2019,Total,Total,London,889
38,2019-09-27,2019,Total,Total,London,840
39,2019-10-04,2019,Total,Total,London,846
40,2019-10-11,2019,Total,Total,London,887
41,2019-10-18,2019,Total,Total,London,886
42,2019-10-25,2019,Total,Total,London,895
43,2019-11-01,2019,Total,Total,London,976
44,2019-11-08,2019,Total,Total,London,974
45,2019-11-15,2019,Total,Total,London,1041
46,2019-11-22,2019,Total,Total,London,1023
47,2019-11-29,2019,Total,Total,London,1025
48,2019-12-06,2019,Total,Total,London,986
49,2019-12-13,2019,Total,Total,London,1044
50,2019-12-20,2019,Total,Total,London,1028
51,2019-12-27,2019,Total,Total,London,653
0,2019-01-04,2019,Total,Total,South East,1586
1,2019-01-11,2019,Total,Total,South East,1927
2,2019-01-18,2019,Total,Total,South East,1936
3,2019-01-25,2019,Total,Total,South East,1875
4,2019-02-01,2019,Total,Total,South East,1718
5,2019-02-08,2019,Total,Total,South East,1738
6,2019-02-15,2019,Total,Total,South East,1802
7,2019-02-22,2019,Total,Total,South East,1777
8,2019-03-01,2019,Total,Total,South East,1712
9,2019-03-08,2019,Total,Total,South East,1708
10,2019-03-15,2019,Total,Total,South East,1601
11,2019-03-22,2019,Total,Total,South East,1640
12,2019-03-29,2019,Total,Total,South East,1540
13,2019-04-05,2019,Total,Total,South East,1582
14,2019-04-12,2019,Total,Total,South East,1623
15,2019-04-19,2019,Total,Total,South East,1350
16,2019-04-26,2019,Total,Total,South East,1495
17,2019-05-03,2019,Total,Total,South East,1782
18,2019-05-10,2019,Total,Total,South East,1456
19,2019-05-17,2019,Total,Total,South East,1570
20,2019-05-24,2019,Total,Total,South East,1620
21,2019-05-31,2019,Total,Total,South East,1252
22,2019-06-07,2019,Total,Total,South East,1516
23,2019-06-14,2019,Total,Total,South East,1452
24,2019-06-21,2019,Total,Total,South East,1510
25,2019-06-28,2019,Total,Total,South East,1481
26,2019-07-05,2019,Total,Total,South East,1431
27,2019-07-12,2019,Total,Total,South East,1357
28,2019-07-19,2019,Total,Total,South East,1328
29,2019-07-26,2019,Total,Total,South East,1376
30,2019-08-02,2019,Total,Total,South East,1424
31,2019-08-09,2019,Total,Total,South East,1334
32,2019-08-16,2019,Total,Total,South East,1355
33,2019-08-23,2019,Total,Total,South East,1389
34,2019-08-30,2019,Total,Total,South East,1245
35,2019-09-06,2019,Total,Total,South East,1518
36,2019-09-13,2019,Total,Total,South East,1399
37,2019-09-20,2019,Total,Total,South East,1385
38,2019-09-27,2019,Total,Total,South East,1404
39,2019-10-04,2019,Total,Total,South East,1573
40,2019-10-11,2019,Total,Total,South East,1557
41,2019-10-18,2019,Total,Total,South East,1556
42,2019-10-25,2019,Total,Total,South East,1491
43,2019-11-01,2019,Total,Total,South East,1547
44,2019-11-08,2019,Total,Total,South East,1701
45,2019-11-15,2019,Total,Total,South East,1690
46,2019-11-22,2019,Total,Total,South East,1618
47,2019-11-29,2019,Total,Total,South East,1648
48,2019-12-06,2019,Total,Total,South East,1647
49,2019-12-13,2019,Total,Total,South East,1690
50,2019-12-20,2019,Total,Total,South East,1709
51,2019-12-27,2019,Total,Total,South East,1094
0,2019-01-04,2019,Total,Total,South West,1136
1,2019-01-11,2019,Total,Total,South West,1394
2,2019-01-18,2019,Total,Total,South West,1236
3,2019-01-25,2019,Total,Total,South West,1229
4,2019-02-01,2019,Total,Total,South West,1191
5,2019-02-08,2019,Total,Total,South West,1251
6,2019-02-15,2019,Total,Total,South West,1207
7,2019-02-22,2019,Total,Total,South West,1234
8,2019-03-01,2019,Total,Total,South West,1178
9,2019-03-08,2019,Total,Total,South West,1198
10,2019-03-15,2019,Total,Total,South West,1149
11,2019-03-22,2019,Total,Total,South West,1089
12,2019-03-29,2019,Total,Total,South West,1047
13,2019-04-05,2019,Total,Total,South West,1039
14,2019-04-12,2019,Total,Total,South West,1037
15,2019-04-19,2019,Total,Total,South West,919
16,2019-04-26,2019,Total,Total,South West,1053
17,2019-05-03,2019,Total,Total,South West,1251
18,2019-05-10,2019,Total,Total,South West,922
19,2019-05-17,2019,Total,Total,South West,1078
20,2019-05-24,2019,Total,Total,South West,1126
21,2019-05-31,2019,Total,Total,South West,886
22,2019-06-07,2019,Total,Total,South West,1182
23,2019-06-14,2019,Total,Total,South West,986
24,2019-06-21,2019,Total,Total,South West,1032
25,2019-06-28,2019,Total,Total,South West,1005
26,2019-07-05,2019,Total,Total,South West,962
27,2019-07-12,2019,Total,Total,South West,972
28,2019-07-19,2019,Total,Total,South West,981
29,2019-07-26,2019,Total,Total,South West,982
30,2019-08-02,2019,Total,Total,South West,926
31,2019-08-09,2019,Total,Total,South West,1010
32,2019-08-16,2019,Total,Total,South West,978
33,2019-08-23,2019,Total,Total,South West,963
34,2019-08-30,2019,Total,Total,South West,814
35,2019-09-06,2019,Total,Total,South West,1014
36,2019-09-13,2019,Total,Total,South West,1020
37,2019-09-20,2019,Total,Total,South West,982
38,2019-09-27,2019,Total,Total,South West,1017
39,2019-10-04,2019,Total,Total,South West,1059
40,2019-10-11,2019,Total,Total,South West,1026
41,2019-10-18,2019,Total,Total,South West,1040
42,2019-10-25,2019,Total,Total,South West,1107
43,2019-11-01,2019,Total,Total,South West,1118
44,2019-11-08,2019,Total,Total,South West,1102
45,2019-11-15,2019,Total,Total,South West,1083
46,2019-11-22,2019,Total,Total,South West,1203
47,2019-11-29,2019,Total,Total,South West,1166
48,2019-12-06,2019,Total,Total,South West,1157
49,2019-12-13,2019,Total,Total,South West,1130
50,2019-12-20,2019,Total,Total,South West,1288
51,2019-12-27,2019,Total,Total,South West,766
0,2019-01-04,2019,Total,Total,Wales,718
1,2019-01-11,2019,Total,Total,Wales,809
2,2019-01-18,2019,Total,Total,Wales,683
3,2019-01-25,2019,Total,Total,Wales,734
4,2019-02-01,2019,Total,Total,Wales,745
5,2019-02-08,2019,Total,Total,Wales,701
6,2019-02-15,2019,Total,Total,Wales,748
7,2019-02-22,2019,Total,Total,Wales,695
8,2019-03-01,2019,Total,Total,Wales,684
9,2019-03-08,2019,Total,Total,Wales,622
10,2019-03-15,2019,Total,Total,Wales,666
11,2019-03-22,2019,Total,Total,Wales,628
12,2019-03-29,2019,Total,Total,Wales,654
13,2019-04-05,2019,Total,Total,Wales,642
14,2019-04-12,2019,Total,Total,Wales,637
15,2019-04-19,2019,Total,Total,Wales,580
16,2019-04-26,2019,Total,Total,Wales,678
17,2019-05-03,2019,Total,Total,Wales,688
18,2019-05-10,2019,Total,Total,Wales,600
19,2019-05-17,2019,Total,Total,Wales,658
20,2019-05-24,2019,Total,Total,Wales,627
21,2019-05-31,2019,Total,Total,Wales,518
22,2019-06-07,2019,Total,Total,Wales,626
23,2019-06-14,2019,Total,Total,Wales,598
24,2019-06-21,2019,Total,Total,Wales,542
25,2019-06-28,2019,Total,Total,Wales,564
26,2019-07-05,2019,Total,Total,Wales,534
27,2019-07-12,2019,Total,Total,Wales,588
28,2019-07-19,2019,Total,Total,Wales,553
29,2019-07-26,2019,Total,Total,Wales,543
30,2019-08-02,2019,Total,Total,Wales,570
31,2019-08-09,2019,Total,Total,Wales,542
32,2019-08-16,2019,Total,Total,Wales,589
33,2019-08-23,2019,Total,Total,Wales,553
34,2019-08-30,2019,Total,Total,Wales,558
35,2019-09-06,2019,Total,Total,Wales,582
36,2019-09-13,2019,Total,Total,Wales,567
37,2019-09-20,2019,Total,Total,Wales,572
38,2019-09-27,2019,Total,Total,Wales,611
39,2019-10-04,2019,Total,Total,Wales,597
40,2019-10-11,2019,Total,Total,Wales,590
41,2019-10-18,2019,Total,Total,Wales,622
42,2019-10-25,2019,Total,Total,Wales,670
43,2019-11-01,2019,Total,Total,Wales,642
44,2019-11-08,2019,Total,Total,Wales,653
45,2019-11-15,2019,Total,Total,Wales,674
46,2019-11-22,2019,Total,Total,Wales,699
47,2019-11-29,2019,Total,Total,Wales,689
48,2019-12-06,2019,Total,Total,Wales,737
49,2019-12-13,2019,Total,Total,Wales,699
50,2019-12-20,2019,Total,Total,Wales,767
51,2019-12-27,2019,Total,Total,Wales,496
